{
    "-76_-76": {
        "type": "empty",
        "raw_title": "Unoccupied oasis \u202d(\u202d\u2212\u202d76\u202c\u202c|\u202d\u2212\u202d76\u202c\u202c)\u202c",
        "bonus": null,
        "owner": null,
        "scanned_from": {
            "center_x": -75,
            "center_y": -76,
            "distance": 1.0
        }
    },
    "-75_-77": {
        "type": "empty",
        "raw_title": "Unoccupied oasis \u202d(\u202d\u2212\u202d75\u202c\u202c|\u202d\u2212\u202d77\u202c\u202c)\u202c",
        "bonus": null,
        "owner": null,
        "scanned_from": {
            "center_x": -75,
            "center_y": -76,
            "distance": 1.0
        }
    },
    "-76_-78": {
        "type": "empty",
        "raw_title": "Unoccupied oasis \u202d(\u202d\u2212\u202d76\u202c\u202c|\u202d\u2212\u202d78\u202c\u202c)\u202c",
        "bonus": null,
        "owner": null,
        "scanned_from": {
            "center_x": -75,
            "center_y": -76,
            "distance": 2.23606797749979
        }
    },
    "-75_-73": {
        "type": "empty",
        "raw_title": "Unoccupied oasis \u202d(\u202d\u2212\u202d75\u202c\u202c|\u202d\u2212\u202d73\u202c\u202c)\u202c",
        "bonus": null,
        "owner": null,
        "scanned_from": {
            "center_x": -75,
            "center_y": -76,
            "distance": 3.0
        }
    },
    "-72_-75": {
        "type": "empty",
        "raw_title": "Unoccupied oasis \u202d(\u202d\u2212\u202d72\u202c\u202c|\u202d\u2212\u202d75\u202c\u202c)\u202c",
        "bonus": null,
        "owner": null,
        "scanned_from": {
            "center_x": -75,
            "center_y": -76,
            "distance": 3.1622776601683795
        }
    },
    "-77_-73": {
        "type": "empty",
        "raw_title": "Unoccupied oasis \u202d(\u202d\u2212\u202d77\u202c\u202c|\u202d\u2212\u202d73\u202c\u202c)\u202c",
        "bonus": null,
        "owner": null,
        "scanned_from": {
            "center_x": -75,
            "center_y": -76,
            "distance": 3.605551275463989
        }
    },
    "-74_-72": {
        "type": "empty",
        "raw_title": "Unoccupied oasis \u202d(\u202d\u2212\u202d74\u202c\u202c|\u202d\u2212\u202d72\u202c\u202c)\u202c",
        "bonus": null,
        "owner": null,
        "scanned_from": {
            "center_x": -75,
            "center_y": -76,
            "distance": 4.123105625617661
        }
    },
    "-79_-78": {
        "type": "empty",
        "raw_title": "Unoccupied oasis \u202d(\u202d\u2212\u202d79\u202c\u202c|\u202d\u2212\u202d78\u202c\u202c)\u202c",
        "bonus": null,
        "owner": null,
        "scanned_from": {
            "center_x": -75,
            "center_y": -76,
            "distance": 4.47213595499958
        }
    },
    "-70_-74": {
        "type": "empty",
        "raw_title": "Unoccupied oasis \u202d(\u202d\u2212\u202d70\u202c\u202c|\u202d\u2212\u202d74\u202c\u202c)\u202c",
        "bonus": null,
        "owner": null,
        "scanned_from": {
            "center_x": -75,
            "center_y": -76,
            "distance": 5.385164807134504
        }
    },
    "-76_-70": {
        "type": "empty",
        "raw_title": "Unoccupied oasis \u202d(\u202d\u2212\u202d76\u202c\u202c|\u202d\u2212\u202d70\u202c\u202c)\u202c",
        "bonus": null,
        "owner": null,
        "scanned_from": {
            "center_x": -75,
            "center_y": -76,
            "distance": 6.082762530298219
        }
    },
    "-77_-82": {
        "type": "empty",
        "raw_title": "Unoccupied oasis \u202d(\u202d\u2212\u202d77\u202c\u202c|\u202d\u2212\u202d82\u202c\u202c)\u202c",
        "bonus": null,
        "owner": null,
        "scanned_from": {
            "center_x": -75,
            "center_y": -76,
            "distance": 6.324555320336759
        }
    },
    "-71_-71": {
        "type": "empty",
        "raw_title": "Unoccupied oasis \u202d(\u202d\u2212\u202d71\u202c\u202c|\u202d\u2212\u202d71\u202c\u202c)\u202c",
        "bonus": null,
        "owner": null,
        "scanned_from": {
            "center_x": -75,
            "center_y": -76,
            "distance": 6.4031242374328485
        }
    },
    "-81_-79": {
        "type": "empty",
        "raw_title": "Unoccupied oasis \u202d(\u202d\u2212\u202d81\u202c\u202c|\u202d\u2212\u202d79\u202c\u202c)\u202c",
        "bonus": null,
        "owner": null,
        "scanned_from": {
            "center_x": -75,
            "center_y": -76,
            "distance": 6.708203932499369
        }
    },
    "-80_-81": {
        "type": "empty",
        "raw_title": "Unoccupied oasis \u202d(\u202d\u2212\u202d80\u202c\u202c|\u202d\u2212\u202d81\u202c\u202c)\u202c",
        "bonus": null,
        "owner": null,
        "scanned_from": {
            "center_x": -75,
            "center_y": -76,
            "distance": 7.0710678118654755
        }
    },
    "-74_-83": {
        "type": "empty",
        "raw_title": "Unoccupied oasis \u202d(\u202d\u2212\u202d74\u202c\u202c|\u202d\u2212\u202d83\u202c\u202c)\u202c",
        "bonus": null,
        "owner": null,
        "scanned_from": {
            "center_x": -75,
            "center_y": -76,
            "distance": 7.0710678118654755
        }
    },
    "-82_-74": {
        "type": "empty",
        "raw_title": "Unoccupied oasis \u202d(\u202d\u2212\u202d82\u202c\u202c|\u202d\u2212\u202d74\u202c\u202c)\u202c",
        "bonus": null,
        "owner": null,
        "scanned_from": {
            "center_x": -75,
            "center_y": -76,
            "distance": 7.280109889280518
        }
    },
    "-77_-69": {
        "type": "empty",
        "raw_title": "Unoccupied oasis \u202d(\u202d\u2212\u202d77\u202c\u202c|\u202d\u2212\u202d69\u202c\u202c)\u202c",
        "bonus": null,
        "owner": null,
        "scanned_from": {
            "center_x": -75,
            "center_y": -76,
            "distance": 7.280109889280518
        }
    },
    "-73_-69": {
        "type": "empty",
        "raw_title": "Unoccupied oasis \u202d(\u202d\u2212\u202d73\u202c\u202c|\u202d\u2212\u202d69\u202c\u202c)\u202c",
        "bonus": null,
        "owner": null,
        "scanned_from": {
            "center_x": -75,
            "center_y": -76,
            "distance": 7.280109889280518
        }
    },
    "-80_-70": {
        "type": "empty",
        "raw_title": "Unoccupied oasis \u202d(\u202d\u2212\u202d80\u202c\u202c|\u202d\u2212\u202d70\u202c\u202c)\u202c",
        "bonus": null,
        "owner": null,
        "scanned_from": {
            "center_x": -75,
            "center_y": -76,
            "distance": 7.810249675906654
        }
    },
    "-83_-76": {
        "type": "empty",
        "raw_title": "Unoccupied oasis \u202d(\u202d\u2212\u202d83\u202c\u202c|\u202d\u2212\u202d76\u202c\u202c)\u202c",
        "bonus": null,
        "owner": null,
        "scanned_from": {
            "center_x": -75,
            "center_y": -76,
            "distance": 8.0
        }
    },
    "-71_-69": {
        "type": "empty",
        "raw_title": "Unoccupied oasis \u202d(\u202d\u2212\u202d71\u202c\u202c|\u202d\u2212\u202d69\u202c\u202c)\u202c",
        "bonus": null,
        "owner": null,
        "scanned_from": {
            "center_x": -75,
            "center_y": -76,
            "distance": 8.06225774829855
        }
    },
    "-83_-74": {
        "type": "empty",
        "raw_title": "Unoccupied oasis \u202d(\u202d\u2212\u202d83\u202c\u202c|\u202d\u2212\u202d74\u202c\u202c)\u202c",
        "bonus": null,
        "owner": null,
        "scanned_from": {
            "center_x": -75,
            "center_y": -76,
            "distance": 8.246211251235321
        }
    },
    "-77_-68": {
        "type": "empty",
        "raw_title": "Unoccupied oasis \u202d(\u202d\u2212\u202d77\u202c\u202c|\u202d\u2212\u202d68\u202c\u202c)\u202c",
        "bonus": null,
        "owner": null,
        "scanned_from": {
            "center_x": -75,
            "center_y": -76,
            "distance": 8.246211251235321
        }
    },
    "-73_-68": {
        "type": "empty",
        "raw_title": "Unoccupied oasis \u202d(\u202d\u2212\u202d73\u202c\u202c|\u202d\u2212\u202d68\u202c\u202c)\u202c",
        "bonus": null,
        "owner": null,
        "scanned_from": {
            "center_x": -75,
            "center_y": -76,
            "distance": 8.246211251235321
        }
    },
    "-81_-82": {
        "type": "empty",
        "raw_title": "Unoccupied oasis \u202d(\u202d\u2212\u202d81\u202c\u202c|\u202d\u2212\u202d82\u202c\u202c)\u202c",
        "bonus": null,
        "owner": null,
        "scanned_from": {
            "center_x": -75,
            "center_y": -76,
            "distance": 8.48528137423857
        }
    },
    "-69_-82": {
        "type": "empty",
        "raw_title": "Unoccupied oasis \u202d(\u202d\u2212\u202d69\u202c\u202c|\u202d\u2212\u202d82\u202c\u202c)\u202c",
        "bonus": null,
        "owner": null,
        "scanned_from": {
            "center_x": -75,
            "center_y": -76,
            "distance": 8.48528137423857
        }
    },
    "-83_-79": {
        "type": "empty",
        "raw_title": "Unoccupied oasis \u202d(\u202d\u2212\u202d83\u202c\u202c|\u202d\u2212\u202d79\u202c\u202c)\u202c",
        "bonus": null,
        "owner": null,
        "scanned_from": {
            "center_x": -75,
            "center_y": -76,
            "distance": 8.54400374531753
        }
    },
    "-78_-84": {
        "type": "empty",
        "raw_title": "Unoccupied oasis \u202d(\u202d\u2212\u202d78\u202c\u202c|\u202d\u2212\u202d84\u202c\u202c)\u202c",
        "bonus": null,
        "owner": null,
        "scanned_from": {
            "center_x": -75,
            "center_y": -76,
            "distance": 8.54400374531753
        }
    },
    "-67_-73": {
        "type": "empty",
        "raw_title": "Unoccupied oasis \u202d(\u202d\u2212\u202d67\u202c\u202c|\u202d\u2212\u202d73\u202c\u202c)\u202c",
        "bonus": null,
        "owner": null,
        "scanned_from": {
            "center_x": -75,
            "center_y": -76,
            "distance": 8.54400374531753
        }
    },
    "-70_-69": {
        "type": "empty",
        "raw_title": "Unoccupied oasis \u202d(\u202d\u2212\u202d70\u202c\u202c|\u202d\u2212\u202d69\u202c\u202c)\u202c",
        "bonus": null,
        "owner": null,
        "scanned_from": {
            "center_x": -75,
            "center_y": -76,
            "distance": 8.602325267042627
        }
    },
    "-68_-81": {
        "type": "empty",
        "raw_title": "Unoccupied oasis \u202d(\u202d\u2212\u202d68\u202c\u202c|\u202d\u2212\u202d81\u202c\u202c)\u202c",
        "bonus": null,
        "owner": null,
        "scanned_from": {
            "center_x": -75,
            "center_y": -76,
            "distance": 8.602325267042627
        }
    },
    "-84_-74": {
        "type": "empty",
        "raw_title": "Unoccupied oasis \u202d(\u202d\u2212\u202d84\u202c\u202c|\u202d\u2212\u202d74\u202c\u202c)\u202c",
        "bonus": null,
        "owner": null,
        "scanned_from": {
            "center_x": -75,
            "center_y": -76,
            "distance": 9.219544457292887
        }
    },
    "-82_-70": {
        "type": "empty",
        "raw_title": "Unoccupied oasis \u202d(\u202d\u2212\u202d82\u202c\u202c|\u202d\u2212\u202d70\u202c\u202c)\u202c",
        "bonus": null,
        "owner": null,
        "scanned_from": {
            "center_x": -75,
            "center_y": -76,
            "distance": 9.219544457292887
        }
    },
    "-77_-67": {
        "type": "empty",
        "raw_title": "Unoccupied oasis \u202d(\u202d\u2212\u202d77\u202c\u202c|\u202d\u2212\u202d67\u202c\u202c)\u202c",
        "bonus": null,
        "owner": null,
        "scanned_from": {
            "center_x": -75,
            "center_y": -76,
            "distance": 9.219544457292887
        }
    },
    "-69_-83": {
        "type": "empty",
        "raw_title": "Unoccupied oasis \u202d(\u202d\u2212\u202d69\u202c\u202c|\u202d\u2212\u202d83\u202c\u202c)\u202c",
        "bonus": null,
        "owner": null,
        "scanned_from": {
            "center_x": -75,
            "center_y": -76,
            "distance": 9.219544457292887
        }
    },
    "-67_-81": {
        "type": "empty",
        "raw_title": "Unoccupied oasis \u202d(\u202d\u2212\u202d67\u202c\u202c|\u202d\u2212\u202d81\u202c\u202c)\u202c",
        "bonus": null,
        "owner": null,
        "scanned_from": {
            "center_x": -75,
            "center_y": -76,
            "distance": 9.433981132056603
        }
    },
    "-79_-85": {
        "type": "empty",
        "raw_title": "Unoccupied oasis \u202d(\u202d\u2212\u202d79\u202c\u202c|\u202d\u2212\u202d85\u202c\u202c)\u202c",
        "bonus": null,
        "owner": null,
        "scanned_from": {
            "center_x": -75,
            "center_y": -76,
            "distance": 9.848857801796104
        }
    },
    "-83_-82": {
        "type": "empty",
        "raw_title": "Unoccupied oasis \u202d(\u202d\u2212\u202d83\u202c\u202c|\u202d\u2212\u202d82\u202c\u202c)\u202c",
        "bonus": null,
        "owner": null,
        "scanned_from": {
            "center_x": -75,
            "center_y": -76,
            "distance": 10.0
        }
    },
    "-67_-82": {
        "type": "empty",
        "raw_title": "Unoccupied oasis \u202d(\u202d\u2212\u202d67\u202c\u202c|\u202d\u2212\u202d82\u202c\u202c)\u202c",
        "bonus": null,
        "owner": null,
        "scanned_from": {
            "center_x": -75,
            "center_y": -76,
            "distance": 10.0
        }
    },
    "-70_-85": {
        "type": "empty",
        "raw_title": "Unoccupied oasis \u202d(\u202d\u2212\u202d70\u202c\u202c|\u202d\u2212\u202d85\u202c\u202c)\u202c",
        "bonus": null,
        "owner": null,
        "scanned_from": {
            "center_x": -75,
            "center_y": -76,
            "distance": 10.295630140987
        }
    },
    "-70_-67": {
        "type": "empty",
        "raw_title": "Unoccupied oasis \u202d(\u202d\u2212\u202d70\u202c\u202c|\u202d\u2212\u202d67\u202c\u202c)\u202c",
        "bonus": null,
        "owner": null,
        "scanned_from": {
            "center_x": -75,
            "center_y": -76,
            "distance": 10.295630140987
        }
    },
    "-66_-81": {
        "type": "empty",
        "raw_title": "Unoccupied oasis \u202d(\u202d\u2212\u202d66\u202c\u202c|\u202d\u2212\u202d81\u202c\u202c)\u202c",
        "bonus": null,
        "owner": null,
        "scanned_from": {
            "center_x": -75,
            "center_y": -76,
            "distance": 10.295630140987
        }
    },
    "-65_-73": {
        "type": "empty",
        "raw_title": "Unoccupied oasis \u202d(\u202d\u2212\u202d65\u202c\u202c|\u202d\u2212\u202d73\u202c\u202c)\u202c",
        "bonus": null,
        "owner": null,
        "scanned_from": {
            "center_x": -75,
            "center_y": -76,
            "distance": 10.44030650891055
        }
    },
    "-75_-65": {
        "type": "empty",
        "raw_title": "Unoccupied oasis \u202d(\u202d\u2212\u202d75\u202c\u202c|\u202d\u2212\u202d65\u202c\u202c)\u202c",
        "bonus": null,
        "owner": null,
        "scanned_from": {
            "center_x": -75,
            "center_y": -76,
            "distance": 11.0
        }
    },
    "-64_-75": {
        "type": "empty",
        "raw_title": "Unoccupied oasis \u202d(\u202d\u2212\u202d64\u202c\u202c|\u202d\u2212\u202d75\u202c\u202c)\u202c",
        "bonus": null,
        "owner": null,
        "scanned_from": {
            "center_x": -75,
            "center_y": -76,
            "distance": 11.045361017187261
        }
    },
    "-86_-78": {
        "type": "empty",
        "raw_title": "Unoccupied oasis \u202d(\u202d\u2212\u202d86\u202c\u202c|\u202d\u2212\u202d78\u202c\u202c)\u202c",
        "bonus": null,
        "owner": null,
        "scanned_from": {
            "center_x": -75,
            "center_y": -76,
            "distance": 11.180339887498949
        }
    },
    "-77_-65": {
        "type": "empty",
        "raw_title": "Unoccupied oasis \u202d(\u202d\u2212\u202d77\u202c\u202c|\u202d\u2212\u202d65\u202c\u202c)\u202c",
        "bonus": null,
        "owner": null,
        "scanned_from": {
            "center_x": -75,
            "center_y": -76,
            "distance": 11.180339887498949
        }
    },
    "-86_-73": {
        "type": "empty",
        "raw_title": "Unoccupied oasis \u202d(\u202d\u2212\u202d86\u202c\u202c|\u202d\u2212\u202d73\u202c\u202c)\u202c",
        "bonus": null,
        "owner": null,
        "scanned_from": {
            "center_x": -75,
            "center_y": -76,
            "distance": 11.40175425099138
        }
    },
    "-69_-66": {
        "type": "empty",
        "raw_title": "Unoccupied oasis \u202d(\u202d\u2212\u202d69\u202c\u202c|\u202d\u2212\u202d66\u202c\u202c)\u202c",
        "bonus": null,
        "owner": null,
        "scanned_from": {
            "center_x": -75,
            "center_y": -76,
            "distance": 11.661903789690601
        }
    },
    "-87_-76": {
        "type": "empty",
        "raw_title": "Unoccupied oasis \u202d(\u202d\u2212\u202d87\u202c\u202c|\u202d\u2212\u202d76\u202c\u202c)\u202c",
        "bonus": null,
        "owner": null,
        "scanned_from": {
            "center_x": -75,
            "center_y": -76,
            "distance": 12.0
        }
    },
    "-67_-67": {
        "type": "empty",
        "raw_title": "Unoccupied oasis \u202d(\u202d\u2212\u202d67\u202c\u202c|\u202d\u2212\u202d67\u202c\u202c)\u202c",
        "bonus": null,
        "owner": null,
        "scanned_from": {
            "center_x": -75,
            "center_y": -76,
            "distance": 12.041594578792296
        }
    },
    "-63_-75": {
        "type": "empty",
        "raw_title": "Unoccupied oasis \u202d(\u202d\u2212\u202d63\u202c\u202c|\u202d\u2212\u202d75\u202c\u202c)\u202c",
        "bonus": null,
        "owner": null,
        "scanned_from": {
            "center_x": -75,
            "center_y": -76,
            "distance": 12.041594578792296
        }
    },
    "-64_-71": {
        "type": "empty",
        "raw_title": "Unoccupied oasis \u202d(\u202d\u2212\u202d64\u202c\u202c|\u202d\u2212\u202d71\u202c\u202c)\u202c",
        "bonus": null,
        "owner": null,
        "scanned_from": {
            "center_x": -75,
            "center_y": -76,
            "distance": 12.083045973594572
        }
    },
    "-87_-78": {
        "type": "empty",
        "raw_title": "Unoccupied oasis \u202d(\u202d\u2212\u202d87\u202c\u202c|\u202d\u2212\u202d78\u202c\u202c)\u202c",
        "bonus": null,
        "owner": null,
        "scanned_from": {
            "center_x": -75,
            "center_y": -76,
            "distance": 12.165525060596439
        }
    },
    "-63_-74": {
        "type": "empty",
        "raw_title": "Unoccupied oasis \u202d(\u202d\u2212\u202d63\u202c\u202c|\u202d\u2212\u202d74\u202c\u202c)\u202c",
        "bonus": null,
        "owner": null,
        "scanned_from": {
            "center_x": -75,
            "center_y": -76,
            "distance": 12.165525060596439
        }
    },
    "-63_-73": {
        "type": "empty",
        "raw_title": "Unoccupied oasis \u202d(\u202d\u2212\u202d63\u202c\u202c|\u202d\u2212\u202d73\u202c\u202c)\u202c",
        "bonus": null,
        "owner": null,
        "scanned_from": {
            "center_x": -75,
            "center_y": -76,
            "distance": 12.36931687685298
        }
    },
    "-86_-70": {
        "type": "empty",
        "raw_title": "Unoccupied oasis \u202d(\u202d\u2212\u202d86\u202c\u202c|\u202d\u2212\u202d70\u202c\u202c)\u202c",
        "bonus": null,
        "owner": null,
        "scanned_from": {
            "center_x": -75,
            "center_y": -76,
            "distance": 12.529964086141668
        }
    },
    "-64_-82": {
        "type": "empty",
        "raw_title": "Unoccupied oasis \u202d(\u202d\u2212\u202d64\u202c\u202c|\u202d\u2212\u202d82\u202c\u202c)\u202c",
        "bonus": null,
        "owner": null,
        "scanned_from": {
            "center_x": -75,
            "center_y": -76,
            "distance": 12.529964086141668
        }
    },
    "-87_-80": {
        "type": "empty",
        "raw_title": "Unoccupied oasis \u202d(\u202d\u2212\u202d87\u202c\u202c|\u202d\u2212\u202d80\u202c\u202c)\u202c",
        "bonus": null,
        "owner": null,
        "scanned_from": {
            "center_x": -75,
            "center_y": -76,
            "distance": 12.649110640673518
        }
    },
    "-67_-66": {
        "type": "empty",
        "raw_title": "Unoccupied oasis \u202d(\u202d\u2212\u202d67\u202c\u202c|\u202d\u2212\u202d66\u202c\u202c)\u202c",
        "bonus": null,
        "owner": null,
        "scanned_from": {
            "center_x": -75,
            "center_y": -76,
            "distance": 12.806248474865697
        }
    },
    "-63_-71": {
        "type": "empty",
        "raw_title": "Unoccupied oasis \u202d(\u202d\u2212\u202d63\u202c\u202c|\u202d\u2212\u202d71\u202c\u202c)\u202c",
        "bonus": null,
        "owner": null,
        "scanned_from": {
            "center_x": -75,
            "center_y": -76,
            "distance": 13.0
        }
    },
    "-86_-69": {
        "type": "empty",
        "raw_title": "Unoccupied oasis \u202d(\u202d\u2212\u202d86\u202c\u202c|\u202d\u2212\u202d69\u202c\u202c)\u202c",
        "bonus": null,
        "owner": null,
        "scanned_from": {
            "center_x": -75,
            "center_y": -76,
            "distance": 13.038404810405298
        }
    },
    "-88_-74": {
        "type": "empty",
        "raw_title": "Unoccupied oasis \u202d(\u202d\u2212\u202d88\u202c\u202c|\u202d\u2212\u202d74\u202c\u202c)\u202c",
        "bonus": null,
        "owner": null,
        "scanned_from": {
            "center_x": -75,
            "center_y": -76,
            "distance": 13.152946437965905
        }
    },
    "-77_-63": {
        "type": "empty",
        "raw_title": "Unoccupied oasis \u202d(\u202d\u2212\u202d77\u202c\u202c|\u202d\u2212\u202d63\u202c\u202c)\u202c",
        "bonus": null,
        "owner": null,
        "scanned_from": {
            "center_x": -75,
            "center_y": -76,
            "distance": 13.152946437965905
        }
    },
    "-88_-79": {
        "type": "empty",
        "raw_title": "Unoccupied oasis \u202d(\u202d\u2212\u202d88\u202c\u202c|\u202d\u2212\u202d79\u202c\u202c)\u202c",
        "bonus": null,
        "owner": null,
        "scanned_from": {
            "center_x": -75,
            "center_y": -76,
            "distance": 13.341664064126334
        }
    },
    "-78_-63": {
        "type": "empty",
        "raw_title": "Unoccupied oasis \u202d(\u202d\u2212\u202d78\u202c\u202c|\u202d\u2212\u202d63\u202c\u202c)\u202c",
        "bonus": null,
        "owner": null,
        "scanned_from": {
            "center_x": -75,
            "center_y": -76,
            "distance": 13.341664064126334
        }
    },
    "-62_-79": {
        "type": "empty",
        "raw_title": "Unoccupied oasis \u202d(\u202d\u2212\u202d62\u202c\u202c|\u202d\u2212\u202d79\u202c\u202c)\u202c",
        "bonus": null,
        "owner": null,
        "scanned_from": {
            "center_x": -75,
            "center_y": -76,
            "distance": 13.341664064126334
        }
    },
    "-66_-66": {
        "type": "empty",
        "raw_title": "Unoccupied oasis \u202d(\u202d\u2212\u202d66\u202c\u202c|\u202d\u2212\u202d66\u202c\u202c)\u202c",
        "bonus": null,
        "owner": null,
        "scanned_from": {
            "center_x": -75,
            "center_y": -76,
            "distance": 13.45362404707371
        }
    },
    "-83_-65": {
        "type": "empty",
        "raw_title": "Unoccupied oasis \u202d(\u202d\u2212\u202d83\u202c\u202c|\u202d\u2212\u202d65\u202c\u202c)\u202c",
        "bonus": null,
        "owner": null,
        "scanned_from": {
            "center_x": -75,
            "center_y": -76,
            "distance": 13.601470508735444
        }
    },
    "-63_-83": {
        "type": "empty",
        "raw_title": "Unoccupied oasis \u202d(\u202d\u2212\u202d63\u202c\u202c|\u202d\u2212\u202d83\u202c\u202c)\u202c",
        "bonus": null,
        "owner": null,
        "scanned_from": {
            "center_x": -75,
            "center_y": -76,
            "distance": 13.892443989449804
        }
    },
    "-88_-81": {
        "type": "empty",
        "raw_title": "Unoccupied oasis \u202d(\u202d\u2212\u202d88\u202c\u202c|\u202d\u2212\u202d81\u202c\u202c)\u202c",
        "bonus": null,
        "owner": null,
        "scanned_from": {
            "center_x": -75,
            "center_y": -76,
            "distance": 13.92838827718412
        }
    },
    "-70_-89": {
        "type": "empty",
        "raw_title": "Unoccupied oasis \u202d(\u202d\u2212\u202d70\u202c\u202c|\u202d\u2212\u202d89\u202c\u202c)\u202c",
        "bonus": null,
        "owner": null,
        "scanned_from": {
            "center_x": -75,
            "center_y": -76,
            "distance": 13.92838827718412
        }
    },
    "-62_-71": {
        "type": "empty",
        "raw_title": "Unoccupied oasis \u202d(\u202d\u2212\u202d62\u202c\u202c|\u202d\u2212\u202d71\u202c\u202c)\u202c",
        "bonus": null,
        "owner": null,
        "scanned_from": {
            "center_x": -75,
            "center_y": -76,
            "distance": 13.92838827718412
        }
    },
    "-75_-62": {
        "type": "empty",
        "raw_title": "Unoccupied oasis \u202d(\u202d\u2212\u202d75\u202c\u202c|\u202d\u2212\u202d62\u202c\u202c)\u202c",
        "bonus": null,
        "owner": null,
        "scanned_from": {
            "center_x": -75,
            "center_y": -76,
            "distance": 14.0
        }
    },
    "-76_-62": {
        "type": "empty",
        "raw_title": "Unoccupied oasis \u202d(\u202d\u2212\u202d76\u202c\u202c|\u202d\u2212\u202d62\u202c\u202c)\u202c",
        "bonus": null,
        "owner": null,
        "scanned_from": {
            "center_x": -75,
            "center_y": -76,
            "distance": 14.035668847618199
        }
    },
    "-61_-75": {
        "type": "empty",
        "raw_title": "Unoccupied oasis \u202d(\u202d\u2212\u202d61\u202c\u202c|\u202d\u2212\u202d75\u202c\u202c)\u202c",
        "bonus": null,
        "owner": null,
        "scanned_from": {
            "center_x": -75,
            "center_y": -76,
            "distance": 14.035668847618199
        }
    },
    "-77_-62": {
        "type": "empty",
        "raw_title": "Unoccupied oasis \u202d(\u202d\u2212\u202d77\u202c\u202c|\u202d\u2212\u202d62\u202c\u202c)\u202c",
        "bonus": null,
        "owner": null,
        "scanned_from": {
            "center_x": -75,
            "center_y": -76,
            "distance": 14.142135623730951
        }
    },
    "-61_-80": {
        "type": "empty",
        "raw_title": "Unoccupied oasis \u202d(\u202d\u2212\u202d61\u202c\u202c|\u202d\u2212\u202d80\u202c\u202c)\u202c",
        "bonus": null,
        "owner": null,
        "scanned_from": {
            "center_x": -75,
            "center_y": -76,
            "distance": 14.560219778561036
        }
    },
    "-88_-69": {
        "type": "empty",
        "raw_title": "Unoccupied oasis \u202d(\u202d\u2212\u202d88\u202c\u202c|\u202d\u2212\u202d69\u202c\u202c)\u202c",
        "bonus": null,
        "owner": null,
        "scanned_from": {
            "center_x": -75,
            "center_y": -76,
            "distance": 14.7648230602334
        }
    },
    "-61_-71": {
        "type": "empty",
        "raw_title": "Unoccupied oasis \u202d(\u202d\u2212\u202d61\u202c\u202c|\u202d\u2212\u202d71\u202c\u202c)\u202c",
        "bonus": null,
        "owner": null,
        "scanned_from": {
            "center_x": -75,
            "center_y": -76,
            "distance": 14.866068747318506
        }
    },
    "-84_-88": {
        "type": "empty",
        "raw_title": "Unoccupied oasis \u202d(\u202d\u2212\u202d84\u202c\u202c|\u202d\u2212\u202d88\u202c\u202c)\u202c",
        "bonus": null,
        "owner": null,
        "scanned_from": {
            "center_x": -75,
            "center_y": -76,
            "distance": 15.0
        }
    },
    "-75_-61": {
        "type": "empty",
        "raw_title": "Unoccupied oasis \u202d(\u202d\u2212\u202d75\u202c\u202c|\u202d\u2212\u202d61\u202c\u202c)\u202c",
        "bonus": null,
        "owner": null,
        "scanned_from": {
            "center_x": -75,
            "center_y": -76,
            "distance": 15.0
        }
    },
    "-76_-61": {
        "type": "empty",
        "raw_title": "Unoccupied oasis \u202d(\u202d\u2212\u202d76\u202c\u202c|\u202d\u2212\u202d61\u202c\u202c)\u202c",
        "bonus": null,
        "owner": null,
        "scanned_from": {
            "center_x": -75,
            "center_y": -76,
            "distance": 15.033296378372908
        }
    },
    "-74_-61": {
        "type": "empty",
        "raw_title": "Unoccupied oasis \u202d(\u202d\u2212\u202d74\u202c\u202c|\u202d\u2212\u202d61\u202c\u202c)\u202c",
        "bonus": null,
        "owner": null,
        "scanned_from": {
            "center_x": -75,
            "center_y": -76,
            "distance": 15.033296378372908
        }
    },
    "-73_-61": {
        "type": "empty",
        "raw_title": "Unoccupied oasis \u202d(\u202d\u2212\u202d73\u202c\u202c|\u202d\u2212\u202d61\u202c\u202c)\u202c",
        "bonus": null,
        "owner": null,
        "scanned_from": {
            "center_x": -75,
            "center_y": -76,
            "distance": 15.132745950421556
        }
    },
    "-81_-62": {
        "type": "empty",
        "raw_title": "Unoccupied oasis \u202d(\u202d\u2212\u202d81\u202c\u202c|\u202d\u2212\u202d62\u202c\u202c)\u202c",
        "bonus": null,
        "owner": null,
        "scanned_from": {
            "center_x": -75,
            "center_y": -76,
            "distance": 15.231546211727817
        }
    },
    "-90_-79": {
        "type": "empty",
        "raw_title": "Unoccupied oasis \u202d(\u202d\u2212\u202d90\u202c\u202c|\u202d\u2212\u202d79\u202c\u202c)\u202c",
        "bonus": null,
        "owner": null,
        "scanned_from": {
            "center_x": -75,
            "center_y": -76,
            "distance": 15.297058540778355
        }
    },
    "-90_-80": {
        "type": "empty",
        "raw_title": "Unoccupied oasis \u202d(\u202d\u2212\u202d90\u202c\u202c|\u202d\u2212\u202d80\u202c\u202c)\u202c",
        "bonus": null,
        "owner": null,
        "scanned_from": {
            "center_x": -75,
            "center_y": -76,
            "distance": 15.524174696260024
        }
    },
    "-71_-61": {
        "type": "empty",
        "raw_title": "Unoccupied oasis \u202d(\u202d\u2212\u202d71\u202c\u202c|\u202d\u2212\u202d61\u202c\u202c)\u202c",
        "bonus": null,
        "owner": null,
        "scanned_from": {
            "center_x": -75,
            "center_y": -76,
            "distance": 15.524174696260024
        }
    },
    "-60_-72": {
        "type": "empty",
        "raw_title": "Unoccupied oasis \u202d(\u202d\u2212\u202d60\u202c\u202c|\u202d\u2212\u202d72\u202c\u202c)\u202c",
        "bonus": null,
        "owner": null,
        "scanned_from": {
            "center_x": -75,
            "center_y": -76,
            "distance": 15.524174696260024
        }
    },
    "-63_-86": {
        "type": "empty",
        "raw_title": "Unoccupied oasis \u202d(\u202d\u2212\u202d63\u202c\u202c|\u202d\u2212\u202d86\u202c\u202c)\u202c",
        "bonus": null,
        "owner": null,
        "scanned_from": {
            "center_x": -75,
            "center_y": -76,
            "distance": 15.620499351813308
        }
    },
    "-70_-61": {
        "type": "empty",
        "raw_title": "Unoccupied oasis \u202d(\u202d\u2212\u202d70\u202c\u202c|\u202d\u2212\u202d61\u202c\u202c)\u202c",
        "bonus": null,
        "owner": null,
        "scanned_from": {
            "center_x": -75,
            "center_y": -76,
            "distance": 15.811388300841896
        }
    },
    "-60_-71": {
        "type": "empty",
        "raw_title": "Unoccupied oasis \u202d(\u202d\u2212\u202d60\u202c\u202c|\u202d\u2212\u202d71\u202c\u202c)\u202c",
        "bonus": null,
        "owner": null,
        "scanned_from": {
            "center_x": -75,
            "center_y": -76,
            "distance": 15.811388300841896
        }
    },
    "-76_-92": {
        "type": "empty",
        "raw_title": "Unoccupied oasis \u202d(\u202d\u2212\u202d76\u202c\u202c|\u202d\u2212\u202d92\u202c\u202c)\u202c",
        "bonus": null,
        "owner": null,
        "scanned_from": {
            "center_x": -75,
            "center_y": -76,
            "distance": 16.0312195418814
        }
    },
    "-74_-60": {
        "type": "empty",
        "raw_title": "Unoccupied oasis \u202d(\u202d\u2212\u202d74\u202c\u202c|\u202d\u2212\u202d60\u202c\u202c)\u202c",
        "bonus": null,
        "owner": null,
        "scanned_from": {
            "center_x": -75,
            "center_y": -76,
            "distance": 16.0312195418814
        }
    },
    "-89_-84": {
        "type": "empty",
        "raw_title": "Unoccupied oasis \u202d(\u202d\u2212\u202d89\u202c\u202c|\u202d\u2212\u202d84\u202c\u202c)\u202c",
        "bonus": null,
        "owner": null,
        "scanned_from": {
            "center_x": -75,
            "center_y": -76,
            "distance": 16.1245154965971
        }
    },
    "-83_-90": {
        "type": "empty",
        "raw_title": "Unoccupied oasis \u202d(\u202d\u2212\u202d83\u202c\u202c|\u202d\u2212\u202d90\u202c\u202c)\u202c",
        "bonus": null,
        "owner": null,
        "scanned_from": {
            "center_x": -75,
            "center_y": -76,
            "distance": 16.1245154965971
        }
    },
    "-77_-92": {
        "type": "empty",
        "raw_title": "Unoccupied oasis \u202d(\u202d\u2212\u202d77\u202c\u202c|\u202d\u2212\u202d92\u202c\u202c)\u202c",
        "bonus": null,
        "owner": null,
        "scanned_from": {
            "center_x": -75,
            "center_y": -76,
            "distance": 16.1245154965971
        }
    },
    "-73_-60": {
        "type": "empty",
        "raw_title": "Unoccupied oasis \u202d(\u202d\u2212\u202d73\u202c\u202c|\u202d\u2212\u202d60\u202c\u202c)\u202c",
        "bonus": null,
        "owner": null,
        "scanned_from": {
            "center_x": -75,
            "center_y": -76,
            "distance": 16.1245154965971
        }
    },
    "-60_-70": {
        "type": "empty",
        "raw_title": "Unoccupied oasis \u202d(\u202d\u2212\u202d60\u202c\u202c|\u202d\u2212\u202d70\u202c\u202c)\u202c",
        "bonus": null,
        "owner": null,
        "scanned_from": {
            "center_x": -75,
            "center_y": -76,
            "distance": 16.15549442140351
        }
    },
    "-72_-92": {
        "type": "empty",
        "raw_title": "Unoccupied oasis \u202d(\u202d\u2212\u202d72\u202c\u202c|\u202d\u2212\u202d92\u202c\u202c)\u202c",
        "bonus": null,
        "owner": null,
        "scanned_from": {
            "center_x": -75,
            "center_y": -76,
            "distance": 16.278820596099706
        }
    },
    "-62_-86": {
        "type": "empty",
        "raw_title": "Unoccupied oasis \u202d(\u202d\u2212\u202d62\u202c\u202c|\u202d\u2212\u202d86\u202c\u202c)\u202c",
        "bonus": null,
        "owner": null,
        "scanned_from": {
            "center_x": -75,
            "center_y": -76,
            "distance": 16.401219466856727
        }
    },
    "-91_-72": {
        "type": "empty",
        "raw_title": "Unoccupied oasis \u202d(\u202d\u2212\u202d91\u202c\u202c|\u202d\u2212\u202d72\u202c\u202c)\u202c",
        "bonus": null,
        "owner": null,
        "scanned_from": {
            "center_x": -75,
            "center_y": -76,
            "distance": 16.492422502470642
        }
    },
    "-60_-83": {
        "type": "empty",
        "raw_title": "Unoccupied oasis \u202d(\u202d\u2212\u202d60\u202c\u202c|\u202d\u2212\u202d83\u202c\u202c)\u202c",
        "bonus": null,
        "owner": null,
        "scanned_from": {
            "center_x": -75,
            "center_y": -76,
            "distance": 16.55294535724685
        }
    },
    "-89_-85": {
        "type": "empty",
        "raw_title": "Unoccupied oasis \u202d(\u202d\u2212\u202d89\u202c\u202c|\u202d\u2212\u202d85\u202c\u202c)\u202c",
        "bonus": null,
        "owner": null,
        "scanned_from": {
            "center_x": -75,
            "center_y": -76,
            "distance": 16.64331697709324
        }
    },
    "-89_-67": {
        "type": "empty",
        "raw_title": "Unoccupied oasis \u202d(\u202d\u2212\u202d89\u202c\u202c|\u202d\u2212\u202d67\u202c\u202c)\u202c",
        "bonus": null,
        "owner": null,
        "scanned_from": {
            "center_x": -75,
            "center_y": -76,
            "distance": 16.64331697709324
        }
    },
    "-80_-92": {
        "type": "empty",
        "raw_title": "Unoccupied oasis \u202d(\u202d\u2212\u202d80\u202c\u202c|\u202d\u2212\u202d92\u202c\u202c)\u202c",
        "bonus": null,
        "owner": null,
        "scanned_from": {
            "center_x": -75,
            "center_y": -76,
            "distance": 16.76305461424021
        }
    },
    "-59_-71": {
        "type": "empty",
        "raw_title": "Unoccupied oasis \u202d(\u202d\u2212\u202d59\u202c\u202c|\u202d\u2212\u202d71\u202c\u202c)\u202c",
        "bonus": null,
        "owner": null,
        "scanned_from": {
            "center_x": -75,
            "center_y": -76,
            "distance": 16.76305461424021
        }
    },
    "-92_-76": {
        "type": "empty",
        "raw_title": "Unoccupied oasis \u202d(\u202d\u2212\u202d92\u202c\u202c|\u202d\u2212\u202d76\u202c\u202c)\u202c",
        "bonus": null,
        "owner": null,
        "scanned_from": {
            "center_x": -75,
            "center_y": -76,
            "distance": 17.0
        }
    },
    "-75_-93": {
        "type": "empty",
        "raw_title": "Unoccupied oasis \u202d(\u202d\u2212\u202d75\u202c\u202c|\u202d\u2212\u202d93\u202c\u202c)\u202c",
        "bonus": null,
        "owner": null,
        "scanned_from": {
            "center_x": -75,
            "center_y": -76,
            "distance": 17.0
        }
    },
    "-67_-61": {
        "type": "empty",
        "raw_title": "Unoccupied oasis \u202d(\u202d\u2212\u202d67\u202c\u202c|\u202d\u2212\u202d61\u202c\u202c)\u202c",
        "bonus": null,
        "owner": null,
        "scanned_from": {
            "center_x": -75,
            "center_y": -76,
            "distance": 17.0
        }
    },
    "-92_-77": {
        "type": "empty",
        "raw_title": "Unoccupied oasis \u202d(\u202d\u2212\u202d92\u202c\u202c|\u202d\u2212\u202d77\u202c\u202c)\u202c",
        "bonus": null,
        "owner": null,
        "scanned_from": {
            "center_x": -75,
            "center_y": -76,
            "distance": 17.029386365926403
        }
    },
    "-81_-92": {
        "type": "empty",
        "raw_title": "Unoccupied oasis \u202d(\u202d\u2212\u202d81\u202c\u202c|\u202d\u2212\u202d92\u202c\u202c)\u202c",
        "bonus": null,
        "owner": null,
        "scanned_from": {
            "center_x": -75,
            "center_y": -76,
            "distance": 17.08800749063506
        }
    },
    "-77_-93": {
        "type": "empty",
        "raw_title": "Unoccupied oasis \u202d(\u202d\u2212\u202d77\u202c\u202c|\u202d\u2212\u202d93\u202c\u202c)\u202c",
        "bonus": null,
        "owner": null,
        "scanned_from": {
            "center_x": -75,
            "center_y": -76,
            "distance": 17.11724276862369
        }
    },
    "-73_-59": {
        "type": "empty",
        "raw_title": "Unoccupied oasis \u202d(\u202d\u2212\u202d73\u202c\u202c|\u202d\u2212\u202d59\u202c\u202c)\u202c",
        "bonus": null,
        "owner": null,
        "scanned_from": {
            "center_x": -75,
            "center_y": -76,
            "distance": 17.11724276862369
        }
    },
    "-85_-62": {
        "type": "empty",
        "raw_title": "Unoccupied oasis \u202d(\u202d\u2212\u202d85\u202c\u202c|\u202d\u2212\u202d62\u202c\u202c)\u202c",
        "bonus": null,
        "owner": null,
        "scanned_from": {
            "center_x": -75,
            "center_y": -76,
            "distance": 17.204650534085253
        }
    },
    "-61_-66": {
        "type": "empty",
        "raw_title": "Unoccupied oasis \u202d(\u202d\u2212\u202d61\u202c\u202c|\u202d\u2212\u202d66\u202c\u202c)\u202c",
        "bonus": null,
        "owner": null,
        "scanned_from": {
            "center_x": -75,
            "center_y": -76,
            "distance": 17.204650534085253
        }
    },
    "-78_-93": {
        "type": "empty",
        "raw_title": "Unoccupied oasis \u202d(\u202d\u2212\u202d78\u202c\u202c|\u202d\u2212\u202d93\u202c\u202c)\u202c",
        "bonus": null,
        "owner": null,
        "scanned_from": {
            "center_x": -75,
            "center_y": -76,
            "distance": 17.26267650163207
        }
    },
    "-82_-92": {
        "type": "empty",
        "raw_title": "Unoccupied oasis \u202d(\u202d\u2212\u202d82\u202c\u202c|\u202d\u2212\u202d92\u202c\u202c)\u202c",
        "bonus": null,
        "owner": null,
        "scanned_from": {
            "center_x": -75,
            "center_y": -76,
            "distance": 17.46424919657298
        }
    },
    "-68_-60": {
        "type": "empty",
        "raw_title": "Unoccupied oasis \u202d(\u202d\u2212\u202d68\u202c\u202c|\u202d\u2212\u202d60\u202c\u202c)\u202c",
        "bonus": null,
        "owner": null,
        "scanned_from": {
            "center_x": -75,
            "center_y": -76,
            "distance": 17.46424919657298
        }
    },
    "-84_-91": {
        "type": "empty",
        "raw_title": "Unoccupied oasis \u202d(\u202d\u2212\u202d84\u202c\u202c|\u202d\u2212\u202d91\u202c\u202c)\u202c",
        "bonus": null,
        "owner": null,
        "scanned_from": {
            "center_x": -75,
            "center_y": -76,
            "distance": 17.4928556845359
        }
    },
    "-92_-71": {
        "type": "empty",
        "raw_title": "Unoccupied oasis \u202d(\u202d\u2212\u202d92\u202c\u202c|\u202d\u2212\u202d71\u202c\u202c)\u202c",
        "bonus": null,
        "owner": null,
        "scanned_from": {
            "center_x": -75,
            "center_y": -76,
            "distance": 17.72004514666935
        }
    },
    "-89_-65": {
        "type": "empty",
        "raw_title": "Unoccupied oasis \u202d(\u202d\u2212\u202d89\u202c\u202c|\u202d\u2212\u202d65\u202c\u202c)\u202c",
        "bonus": null,
        "owner": null,
        "scanned_from": {
            "center_x": -75,
            "center_y": -76,
            "distance": 17.804493814764857
        }
    },
    "-75_-94": {
        "type": "empty",
        "raw_title": "Unoccupied oasis \u202d(\u202d\u2212\u202d75\u202c\u202c|\u202d\u2212\u202d94\u202c\u202c)\u202c",
        "bonus": null,
        "owner": null,
        "scanned_from": {
            "center_x": -75,
            "center_y": -76,
            "distance": 18.0
        }
    },
    "-85_-61": {
        "type": "empty",
        "raw_title": "Unoccupied oasis \u202d(\u202d\u2212\u202d85\u202c\u202c|\u202d\u2212\u202d61\u202c\u202c)\u202c",
        "bonus": null,
        "owner": null,
        "scanned_from": {
            "center_x": -75,
            "center_y": -76,
            "distance": 18.027756377319946
        }
    },
    "-77_-58": {
        "type": "empty",
        "raw_title": "Unoccupied oasis \u202d(\u202d\u2212\u202d77\u202c\u202c|\u202d\u2212\u202d58\u202c\u202c)\u202c",
        "bonus": null,
        "owner": null,
        "scanned_from": {
            "center_x": -75,
            "center_y": -76,
            "distance": 18.110770276274835
        }
    },
    "-57_-74": {
        "type": "empty",
        "raw_title": "Unoccupied oasis \u202d(\u202d\u2212\u202d57\u202c\u202c|\u202d\u2212\u202d74\u202c\u202c)\u202c",
        "bonus": null,
        "owner": null,
        "scanned_from": {
            "center_x": -75,
            "center_y": -76,
            "distance": 18.110770276274835
        }
    },
    "-93_-73": {
        "type": "empty",
        "raw_title": "Unoccupied oasis \u202d(\u202d\u2212\u202d93\u202c\u202c|\u202d\u2212\u202d73\u202c\u202c)\u202c",
        "bonus": null,
        "owner": null,
        "scanned_from": {
            "center_x": -75,
            "center_y": -76,
            "distance": 18.24828759089466
        }
    },
    "-78_-58": {
        "type": "empty",
        "raw_title": "Unoccupied oasis \u202d(\u202d\u2212\u202d78\u202c\u202c|\u202d\u2212\u202d58\u202c\u202c)\u202c",
        "bonus": null,
        "owner": null,
        "scanned_from": {
            "center_x": -75,
            "center_y": -76,
            "distance": 18.24828759089466
        }
    },
    "-84_-92": {
        "type": "empty",
        "raw_title": "Unoccupied oasis \u202d(\u202d\u2212\u202d84\u202c\u202c|\u202d\u2212\u202d92\u202c\u202c)\u202c",
        "bonus": null,
        "owner": null,
        "scanned_from": {
            "center_x": -75,
            "center_y": -76,
            "distance": 18.35755975068582
        }
    },
    "-82_-93": {
        "type": "empty",
        "raw_title": "Unoccupied oasis \u202d(\u202d\u2212\u202d82\u202c\u202c|\u202d\u2212\u202d93\u202c\u202c)\u202c",
        "bonus": null,
        "owner": null,
        "scanned_from": {
            "center_x": -75,
            "center_y": -76,
            "distance": 18.384776310850235
        }
    },
    "-57_-80": {
        "type": "empty",
        "raw_title": "Unoccupied oasis \u202d(\u202d\u2212\u202d57\u202c\u202c|\u202d\u2212\u202d80\u202c\u202c)\u202c",
        "bonus": null,
        "owner": null,
        "scanned_from": {
            "center_x": -75,
            "center_y": -76,
            "distance": 18.439088914585774
        }
    },
    "-67_-59": {
        "type": "empty",
        "raw_title": "Unoccupied oasis \u202d(\u202d\u2212\u202d67\u202c\u202c|\u202d\u2212\u202d59\u202c\u202c)\u202c",
        "bonus": null,
        "owner": null,
        "scanned_from": {
            "center_x": -75,
            "center_y": -76,
            "distance": 18.788294228055936
        }
    },
    "-91_-66": {
        "type": "empty",
        "raw_title": "Unoccupied oasis \u202d(\u202d\u2212\u202d91\u202c\u202c|\u202d\u2212\u202d66\u202c\u202c)\u202c",
        "bonus": null,
        "owner": null,
        "scanned_from": {
            "center_x": -75,
            "center_y": -76,
            "distance": 18.867962264113206
        }
    },
    "-69_-58": {
        "type": "empty",
        "raw_title": "Unoccupied oasis \u202d(\u202d\u2212\u202d69\u202c\u202c|\u202d\u2212\u202d58\u202c\u202c)\u202c",
        "bonus": null,
        "owner": null,
        "scanned_from": {
            "center_x": -75,
            "center_y": -76,
            "distance": 18.973665961010276
        }
    },
    "-94_-76": {
        "type": "empty",
        "raw_title": "Unoccupied oasis \u202d(\u202d\u2212\u202d94\u202c\u202c|\u202d\u2212\u202d76\u202c\u202c)\u202c",
        "bonus": null,
        "owner": null,
        "scanned_from": {
            "center_x": -75,
            "center_y": -76,
            "distance": 19.0
        }
    },
    "-63_-91": {
        "type": "empty",
        "raw_title": "Unoccupied oasis \u202d(\u202d\u2212\u202d63\u202c\u202c|\u202d\u2212\u202d91\u202c\u202c)\u202c",
        "bonus": null,
        "owner": null,
        "scanned_from": {
            "center_x": -75,
            "center_y": -76,
            "distance": 19.209372712298546
        }
    },
    "-63_-61": {
        "type": "empty",
        "raw_title": "Unoccupied oasis \u202d(\u202d\u2212\u202d63\u202c\u202c|\u202d\u2212\u202d61\u202c\u202c)\u202c",
        "bonus": null,
        "owner": null,
        "scanned_from": {
            "center_x": -75,
            "center_y": -76,
            "distance": 19.209372712298546
        }
    },
    "-94_-73": {
        "type": "empty",
        "raw_title": "Unoccupied oasis \u202d(\u202d\u2212\u202d94\u202c\u202c|\u202d\u2212\u202d73\u202c\u202c)\u202c",
        "bonus": null,
        "owner": null,
        "scanned_from": {
            "center_x": -75,
            "center_y": -76,
            "distance": 19.235384061671343
        }
    },
    "-78_-95": {
        "type": "empty",
        "raw_title": "Unoccupied oasis \u202d(\u202d\u2212\u202d78\u202c\u202c|\u202d\u2212\u202d95\u202c\u202c)\u202c",
        "bonus": null,
        "owner": null,
        "scanned_from": {
            "center_x": -75,
            "center_y": -76,
            "distance": 19.235384061671343
        }
    },
    "-66_-59": {
        "type": "empty",
        "raw_title": "Unoccupied oasis \u202d(\u202d\u2212\u202d66\u202c\u202c|\u202d\u2212\u202d59\u202c\u202c)\u202c",
        "bonus": null,
        "owner": null,
        "scanned_from": {
            "center_x": -75,
            "center_y": -76,
            "distance": 19.235384061671343
        }
    },
    "-58_-67": {
        "type": "empty",
        "raw_title": "Unoccupied oasis \u202d(\u202d\u2212\u202d58\u202c\u202c|\u202d\u2212\u202d67\u202c\u202c)\u202c",
        "bonus": null,
        "owner": null,
        "scanned_from": {
            "center_x": -75,
            "center_y": -76,
            "distance": 19.235384061671343
        }
    },
    "-86_-60": {
        "type": "empty",
        "raw_title": "Unoccupied oasis \u202d(\u202d\u2212\u202d86\u202c\u202c|\u202d\u2212\u202d60\u202c\u202c)\u202c",
        "bonus": null,
        "owner": null,
        "scanned_from": {
            "center_x": -75,
            "center_y": -76,
            "distance": 19.4164878389476
        }
    },
    "-59_-65": {
        "type": "empty",
        "raw_title": "Unoccupied oasis \u202d(\u202d\u2212\u202d59\u202c\u202c|\u202d\u2212\u202d65\u202c\u202c)\u202c",
        "bonus": null,
        "owner": null,
        "scanned_from": {
            "center_x": -75,
            "center_y": -76,
            "distance": 19.4164878389476
        }
    },
    "-93_-84": {
        "type": "empty",
        "raw_title": "Unoccupied oasis \u202d(\u202d\u2212\u202d93\u202c\u202c|\u202d\u2212\u202d84\u202c\u202c)\u202c",
        "bonus": null,
        "owner": null,
        "scanned_from": {
            "center_x": -75,
            "center_y": -76,
            "distance": 19.697715603592208
        }
    },
    "-83_-94": {
        "type": "empty",
        "raw_title": "Unoccupied oasis \u202d(\u202d\u2212\u202d83\u202c\u202c|\u202d\u2212\u202d94\u202c\u202c)\u202c",
        "bonus": null,
        "owner": null,
        "scanned_from": {
            "center_x": -75,
            "center_y": -76,
            "distance": 19.697715603592208
        }
    },
    "-67_-58": {
        "type": "empty",
        "raw_title": "Unoccupied oasis \u202d(\u202d\u2212\u202d67\u202c\u202c|\u202d\u2212\u202d58\u202c\u202c)\u202c",
        "bonus": null,
        "owner": null,
        "scanned_from": {
            "center_x": -75,
            "center_y": -76,
            "distance": 19.697715603592208
        }
    },
    "-85_-59": {
        "type": "empty",
        "raw_title": "Unoccupied oasis \u202d(\u202d\u2212\u202d85\u202c\u202c|\u202d\u2212\u202d59\u202c\u202c)\u202c",
        "bonus": null,
        "owner": null,
        "scanned_from": {
            "center_x": -75,
            "center_y": -76,
            "distance": 19.72308292331602
        }
    },
    "-60_-63": {
        "type": "empty",
        "raw_title": "Unoccupied oasis \u202d(\u202d\u2212\u202d60\u202c\u202c|\u202d\u2212\u202d63\u202c\u202c)\u202c",
        "bonus": null,
        "owner": null,
        "scanned_from": {
            "center_x": -75,
            "center_y": -76,
            "distance": 19.849433241279208
        }
    },
    "-81_-95": {
        "type": "empty",
        "raw_title": "Unoccupied oasis \u202d(\u202d\u2212\u202d81\u202c\u202c|\u202d\u2212\u202d95\u202c\u202c)\u202c",
        "bonus": null,
        "owner": null,
        "scanned_from": {
            "center_x": -75,
            "center_y": -76,
            "distance": 19.924858845171276
        }
    },
    "-75_-96": {
        "type": "empty",
        "raw_title": "Unoccupied oasis \u202d(\u202d\u2212\u202d75\u202c\u202c|\u202d\u2212\u202d96\u202c\u202c)\u202c",
        "bonus": null,
        "owner": null,
        "scanned_from": {
            "center_x": -75,
            "center_y": -76,
            "distance": 20.0
        }
    },
    "-75_-56": {
        "type": "empty",
        "raw_title": "Unoccupied oasis \u202d(\u202d\u2212\u202d75\u202c\u202c|\u202d\u2212\u202d56\u202c\u202c)\u202c",
        "bonus": null,
        "owner": null,
        "scanned_from": {
            "center_x": -75,
            "center_y": -76,
            "distance": 20.0
        }
    },
    "-59_-64": {
        "type": "empty",
        "raw_title": "Unoccupied oasis \u202d(\u202d\u2212\u202d59\u202c\u202c|\u202d\u2212\u202d64\u202c\u202c)\u202c",
        "bonus": null,
        "owner": null,
        "scanned_from": {
            "center_x": -75,
            "center_y": -76,
            "distance": 20.0
        }
    },
    "-55_-76": {
        "type": "empty",
        "raw_title": "Unoccupied oasis \u202d(\u202d\u2212\u202d55\u202c\u202c|\u202d\u2212\u202d76\u202c\u202c)\u202c",
        "bonus": null,
        "owner": null,
        "scanned_from": {
            "center_x": -75,
            "center_y": -76,
            "distance": 20.0
        }
    },
    "-74_-56": {
        "type": "empty",
        "raw_title": "Unoccupied oasis \u202d(\u202d\u2212\u202d74\u202c\u202c|\u202d\u2212\u202d56\u202c\u202c)\u202c",
        "bonus": null,
        "owner": null,
        "scanned_from": {
            "center_x": -75,
            "center_y": -76,
            "distance": 20.024984394500787
        }
    },
    "-95_-78": {
        "type": "empty",
        "raw_title": "Unoccupied oasis \u202d(\u202d\u2212\u202d95\u202c\u202c|\u202d\u2212\u202d78\u202c\u202c)\u202c",
        "bonus": null,
        "owner": null,
        "scanned_from": {
            "center_x": -75,
            "center_y": -76,
            "distance": 20.09975124224178
        }
    },
    "-95_-74": {
        "type": "empty",
        "raw_title": "Unoccupied oasis \u202d(\u202d\u2212\u202d95\u202c\u202c|\u202d\u2212\u202d74\u202c\u202c)\u202c",
        "bonus": null,
        "owner": null,
        "scanned_from": {
            "center_x": -75,
            "center_y": -76,
            "distance": 20.09975124224178
        }
    },
    "-93_-67": {
        "type": "empty",
        "raw_title": "Unoccupied oasis \u202d(\u202d\u2212\u202d93\u202c\u202c|\u202d\u2212\u202d67\u202c\u202c)\u202c",
        "bonus": null,
        "owner": null,
        "scanned_from": {
            "center_x": -75,
            "center_y": -76,
            "distance": 20.12461179749811
        }
    },
    "-72_-96": {
        "type": "empty",
        "raw_title": "Unoccupied oasis \u202d(\u202d\u2212\u202d72\u202c\u202c|\u202d\u2212\u202d96\u202c\u202c)\u202c",
        "bonus": null,
        "owner": null,
        "scanned_from": {
            "center_x": -75,
            "center_y": -76,
            "distance": 20.223748416156685
        }
    },
    "-55_-79": {
        "type": "empty",
        "raw_title": "Unoccupied oasis \u202d(\u202d\u2212\u202d55\u202c\u202c|\u202d\u2212\u202d79\u202c\u202c)\u202c",
        "bonus": null,
        "owner": null,
        "scanned_from": {
            "center_x": -75,
            "center_y": -76,
            "distance": 20.223748416156685
        }
    },
    "-82_-95": {
        "type": "empty",
        "raw_title": "Unoccupied oasis \u202d(\u202d\u2212\u202d82\u202c\u202c|\u202d\u2212\u202d95\u202c\u202c)\u202c",
        "bonus": null,
        "owner": null,
        "scanned_from": {
            "center_x": -75,
            "center_y": -76,
            "distance": 20.248456731316587
        }
    },
    "-55_-80": {
        "type": "empty",
        "raw_title": "Unoccupied oasis \u202d(\u202d\u2212\u202d55\u202c\u202c|\u202d\u2212\u202d80\u202c\u202c)\u202c",
        "bonus": null,
        "owner": null,
        "scanned_from": {
            "center_x": -75,
            "center_y": -76,
            "distance": 20.396078054371138
        }
    },
    "-93_-66": {
        "type": "empty",
        "raw_title": "Unoccupied oasis \u202d(\u202d\u2212\u202d93\u202c\u202c|\u202d\u2212\u202d66\u202c\u202c)\u202c",
        "bonus": null,
        "owner": null,
        "scanned_from": {
            "center_x": -75,
            "center_y": -76,
            "distance": 20.591260281974
        }
    },
    "-91_-89": {
        "type": "empty",
        "raw_title": "Unoccupied oasis \u202d(\u202d\u2212\u202d91\u202c\u202c|\u202d\u2212\u202d89\u202c\u202c)\u202c",
        "bonus": null,
        "owner": null,
        "scanned_from": {
            "center_x": -75,
            "center_y": -76,
            "distance": 20.615528128088304
        }
    },
    "-57_-65": {
        "type": "empty",
        "raw_title": "Unoccupied oasis \u202d(\u202d\u2212\u202d57\u202c\u202c|\u202d\u2212\u202d65\u202c\u202c)\u202c",
        "bonus": null,
        "owner": null,
        "scanned_from": {
            "center_x": -75,
            "center_y": -76,
            "distance": 21.095023109728988
        }
    },
    "-54_-78": {
        "type": "empty",
        "raw_title": "Unoccupied oasis \u202d(\u202d\u2212\u202d54\u202c\u202c|\u202d\u2212\u202d78\u202c\u202c)\u202c",
        "bonus": null,
        "owner": null,
        "scanned_from": {
            "center_x": -75,
            "center_y": -76,
            "distance": 21.095023109728988
        }
    },
    "-54_-74": {
        "type": "empty",
        "raw_title": "Unoccupied oasis \u202d(\u202d\u2212\u202d54\u202c\u202c|\u202d\u2212\u202d74\u202c\u202c)\u202c",
        "bonus": null,
        "owner": null,
        "scanned_from": {
            "center_x": -75,
            "center_y": -76,
            "distance": 21.095023109728988
        }
    },
    "-90_-91": {
        "type": "empty",
        "raw_title": "Unoccupied oasis \u202d(\u202d\u2212\u202d90\u202c\u202c|\u202d\u2212\u202d91\u202c\u202c)\u202c",
        "bonus": null,
        "owner": null,
        "scanned_from": {
            "center_x": -75,
            "center_y": -76,
            "distance": 21.213203435596427
        }
    },
    "-60_-61": {
        "type": "empty",
        "raw_title": "Unoccupied oasis \u202d(\u202d\u2212\u202d60\u202c\u202c|\u202d\u2212\u202d61\u202c\u202c)\u202c",
        "bonus": null,
        "owner": null,
        "scanned_from": {
            "center_x": -75,
            "center_y": -76,
            "distance": 21.213203435596427
        }
    },
    "-54_-80": {
        "type": "empty",
        "raw_title": "Unoccupied oasis \u202d(\u202d\u2212\u202d54\u202c\u202c|\u202d\u2212\u202d80\u202c\u202c)\u202c",
        "bonus": null,
        "owner": null,
        "scanned_from": {
            "center_x": -75,
            "center_y": -76,
            "distance": 21.37755832643195
        }
    },
    "-56_-66": {
        "type": "empty",
        "raw_title": "Unoccupied oasis \u202d(\u202d\u2212\u202d56\u202c\u202c|\u202d\u2212\u202d66\u202c\u202c)\u202c",
        "bonus": null,
        "owner": null,
        "scanned_from": {
            "center_x": -75,
            "center_y": -76,
            "distance": 21.470910553583888
        }
    },
    "-96_-71": {
        "type": "empty",
        "raw_title": "Unoccupied oasis \u202d(\u202d\u2212\u202d96\u202c\u202c|\u202d\u2212\u202d71\u202c\u202c)\u202c",
        "bonus": null,
        "owner": null,
        "scanned_from": {
            "center_x": -75,
            "center_y": -76,
            "distance": 21.587033144922902
        }
    },
    "-80_-55": {
        "type": "empty",
        "raw_title": "Unoccupied oasis \u202d(\u202d\u2212\u202d80\u202c\u202c|\u202d\u2212\u202d55\u202c\u202c)\u202c",
        "bonus": null,
        "owner": null,
        "scanned_from": {
            "center_x": -75,
            "center_y": -76,
            "distance": 21.587033144922902
        }
    },
    "-54_-71": {
        "type": "empty",
        "raw_title": "Unoccupied oasis \u202d(\u202d\u2212\u202d54\u202c\u202c|\u202d\u2212\u202d71\u202c\u202c)\u202c",
        "bonus": null,
        "owner": null,
        "scanned_from": {
            "center_x": -75,
            "center_y": -76,
            "distance": 21.587033144922902
        }
    },
    "-63_-58": {
        "type": "empty",
        "raw_title": "Unoccupied oasis \u202d(\u202d\u2212\u202d63\u202c\u202c|\u202d\u2212\u202d58\u202c\u202c)\u202c",
        "bonus": null,
        "owner": null,
        "scanned_from": {
            "center_x": -75,
            "center_y": -76,
            "distance": 21.633307652783937
        }
    },
    "-96_-70": {
        "type": "empty",
        "raw_title": "Unoccupied oasis \u202d(\u202d\u2212\u202d96\u202c\u202c|\u202d\u2212\u202d70\u202c\u202c)\u202c",
        "bonus": null,
        "owner": null,
        "scanned_from": {
            "center_x": -75,
            "center_y": -76,
            "distance": 21.840329667841555
        }
    },
    "-81_-97": {
        "type": "empty",
        "raw_title": "Unoccupied oasis \u202d(\u202d\u2212\u202d81\u202c\u202c|\u202d\u2212\u202d97\u202c\u202c)\u202c",
        "bonus": null,
        "owner": null,
        "scanned_from": {
            "center_x": -75,
            "center_y": -76,
            "distance": 21.840329667841555
        }
    },
    "-81_-55": {
        "type": "empty",
        "raw_title": "Unoccupied oasis \u202d(\u202d\u2212\u202d81\u202c\u202c|\u202d\u2212\u202d55\u202c\u202c)\u202c",
        "bonus": null,
        "owner": null,
        "scanned_from": {
            "center_x": -75,
            "center_y": -76,
            "distance": 21.840329667841555
        }
    },
    "-91_-91": {
        "type": "empty",
        "raw_title": "Unoccupied oasis \u202d(\u202d\u2212\u202d91\u202c\u202c|\u202d\u2212\u202d91\u202c\u202c)\u202c",
        "bonus": null,
        "owner": null,
        "scanned_from": {
            "center_x": -75,
            "center_y": -76,
            "distance": 21.93171219946131
        }
    },
    "-90_-92": {
        "type": "empty",
        "raw_title": "Unoccupied oasis \u202d(\u202d\u2212\u202d90\u202c\u202c|\u202d\u2212\u202d92\u202c\u202c)\u202c",
        "bonus": null,
        "owner": null,
        "scanned_from": {
            "center_x": -75,
            "center_y": -76,
            "distance": 21.93171219946131
        }
    },
    "-56_-65": {
        "type": "empty",
        "raw_title": "Unoccupied oasis \u202d(\u202d\u2212\u202d56\u202c\u202c|\u202d\u2212\u202d65\u202c\u202c)\u202c",
        "bonus": null,
        "owner": null,
        "scanned_from": {
            "center_x": -75,
            "center_y": -76,
            "distance": 21.95449840010015
        }
    },
    "-53_-76": {
        "type": "empty",
        "raw_title": "Unoccupied oasis \u202d(\u202d\u2212\u202d53\u202c\u202c|\u202d\u2212\u202d76\u202c\u202c)\u202c",
        "bonus": null,
        "owner": null,
        "scanned_from": {
            "center_x": -75,
            "center_y": -76,
            "distance": 22.0
        }
    },
    "-92_-90": {
        "type": "empty",
        "raw_title": "Unoccupied oasis \u202d(\u202d\u2212\u202d92\u202c\u202c|\u202d\u2212\u202d90\u202c\u202c)\u202c",
        "bonus": null,
        "owner": null,
        "scanned_from": {
            "center_x": -75,
            "center_y": -76,
            "distance": 22.02271554554524
        }
    },
    "-96_-69": {
        "type": "empty",
        "raw_title": "Unoccupied oasis \u202d(\u202d\u2212\u202d96\u202c\u202c|\u202d\u2212\u202d69\u202c\u202c)\u202c",
        "bonus": null,
        "owner": null,
        "scanned_from": {
            "center_x": -75,
            "center_y": -76,
            "distance": 22.135943621178654
        }
    },
    "-82_-97": {
        "type": "empty",
        "raw_title": "Unoccupied oasis \u202d(\u202d\u2212\u202d82\u202c\u202c|\u202d\u2212\u202d97\u202c\u202c)\u202c",
        "bonus": null,
        "owner": null,
        "scanned_from": {
            "center_x": -75,
            "center_y": -76,
            "distance": 22.135943621178654
        }
    },
    "-53_-79": {
        "type": "empty",
        "raw_title": "Unoccupied oasis \u202d(\u202d\u2212\u202d53\u202c\u202c|\u202d\u2212\u202d79\u202c\u202c)\u202c",
        "bonus": null,
        "owner": null,
        "scanned_from": {
            "center_x": -75,
            "center_y": -76,
            "distance": 22.20360331117452
        }
    },
    "-53_-73": {
        "type": "empty",
        "raw_title": "Unoccupied oasis \u202d(\u202d\u2212\u202d53\u202c\u202c|\u202d\u2212\u202d73\u202c\u202c)\u202c",
        "bonus": null,
        "owner": null,
        "scanned_from": {
            "center_x": -75,
            "center_y": -76,
            "distance": 22.20360331117452
        }
    },
    "-65_-96": {
        "type": "empty",
        "raw_title": "Unoccupied oasis \u202d(\u202d\u2212\u202d65\u202c\u202c|\u202d\u2212\u202d96\u202c\u202c)\u202c",
        "bonus": null,
        "owner": null,
        "scanned_from": {
            "center_x": -75,
            "center_y": -76,
            "distance": 22.360679774997898
        }
    },
    "-53_-72": {
        "type": "empty",
        "raw_title": "Unoccupied oasis \u202d(\u202d\u2212\u202d53\u202c\u202c|\u202d\u2212\u202d72\u202c\u202c)\u202c",
        "bonus": null,
        "owner": null,
        "scanned_from": {
            "center_x": -75,
            "center_y": -76,
            "distance": 22.360679774997898
        }
    },
    "-83_-97": {
        "type": "empty",
        "raw_title": "Unoccupied oasis \u202d(\u202d\u2212\u202d83\u202c\u202c|\u202d\u2212\u202d97\u202c\u202c)\u202c",
        "bonus": null,
        "owner": null,
        "scanned_from": {
            "center_x": -75,
            "center_y": -76,
            "distance": 22.47220505424423
        }
    },
    "-56_-88": {
        "type": "empty",
        "raw_title": "Unoccupied oasis \u202d(\u202d\u2212\u202d56\u202c\u202c|\u202d\u2212\u202d88\u202c\u202c)\u202c",
        "bonus": null,
        "owner": null,
        "scanned_from": {
            "center_x": -75,
            "center_y": -76,
            "distance": 22.47220505424423
        }
    },
    "-80_-98": {
        "type": "empty",
        "raw_title": "Unoccupied oasis \u202d(\u202d\u2212\u202d80\u202c\u202c|\u202d\u2212\u202d98\u202c\u202c)\u202c",
        "bonus": null,
        "owner": null,
        "scanned_from": {
            "center_x": -75,
            "center_y": -76,
            "distance": 22.561028345356956
        }
    },
    "-80_-54": {
        "type": "empty",
        "raw_title": "Unoccupied oasis \u202d(\u202d\u2212\u202d80\u202c\u202c|\u202d\u2212\u202d54\u202c\u202c)\u202c",
        "bonus": null,
        "owner": null,
        "scanned_from": {
            "center_x": -75,
            "center_y": -76,
            "distance": 22.561028345356956
        }
    },
    "-53_-71": {
        "type": "empty",
        "raw_title": "Unoccupied oasis \u202d(\u202d\u2212\u202d53\u202c\u202c|\u202d\u2212\u202d71\u202c\u202c)\u202c",
        "bonus": null,
        "owner": null,
        "scanned_from": {
            "center_x": -75,
            "center_y": -76,
            "distance": 22.561028345356956
        }
    },
    "-91_-92": {
        "type": "empty",
        "raw_title": "Unoccupied oasis \u202d(\u202d\u2212\u202d91\u202c\u202c|\u202d\u2212\u202d92\u202c\u202c)\u202c",
        "bonus": null,
        "owner": null,
        "scanned_from": {
            "center_x": -75,
            "center_y": -76,
            "distance": 22.627416997969522
        }
    },
    "-91_-60": {
        "type": "empty",
        "raw_title": "Unoccupied oasis \u202d(\u202d\u2212\u202d91\u202c\u202c|\u202d\u2212\u202d60\u202c\u202c)\u202c",
        "bonus": null,
        "owner": null,
        "scanned_from": {
            "center_x": -75,
            "center_y": -76,
            "distance": 22.627416997969522
        }
    },
    "-59_-92": {
        "type": "empty",
        "raw_title": "Unoccupied oasis \u202d(\u202d\u2212\u202d59\u202c\u202c|\u202d\u2212\u202d92\u202c\u202c)\u202c",
        "bonus": null,
        "owner": null,
        "scanned_from": {
            "center_x": -75,
            "center_y": -76,
            "distance": 22.627416997969522
        }
    },
    "-57_-62": {
        "type": "empty",
        "raw_title": "Unoccupied oasis \u202d(\u202d\u2212\u202d57\u202c\u202c|\u202d\u2212\u202d62\u202c\u202c)\u202c",
        "bonus": null,
        "owner": null,
        "scanned_from": {
            "center_x": -75,
            "center_y": -76,
            "distance": 22.80350850198276
        }
    },
    "-86_-96": {
        "type": "empty",
        "raw_title": "Unoccupied oasis \u202d(\u202d\u2212\u202d86\u202c\u202c|\u202d\u2212\u202d96\u202c\u202c)\u202c",
        "bonus": null,
        "owner": null,
        "scanned_from": {
            "center_x": -75,
            "center_y": -76,
            "distance": 22.825424421026653
        }
    },
    "-62_-95": {
        "type": "empty",
        "raw_title": "Unoccupied oasis \u202d(\u202d\u2212\u202d62\u202c\u202c|\u202d\u2212\u202d95\u202c\u202c)\u202c",
        "bonus": null,
        "owner": null,
        "scanned_from": {
            "center_x": -75,
            "center_y": -76,
            "distance": 23.021728866442675
        }
    },
    "-98_-78": {
        "type": "empty",
        "raw_title": "Unoccupied oasis \u202d(\u202d\u2212\u202d98\u202c\u202c|\u202d\u2212\u202d78\u202c\u202c)\u202c",
        "bonus": null,
        "owner": null,
        "scanned_from": {
            "center_x": -75,
            "center_y": -76,
            "distance": 23.08679276123039
        }
    },
    "-98_-79": {
        "type": "empty",
        "raw_title": "Unoccupied oasis \u202d(\u202d\u2212\u202d98\u202c\u202c|\u202d\u2212\u202d79\u202c\u202c)\u202c",
        "bonus": null,
        "owner": null,
        "scanned_from": {
            "center_x": -75,
            "center_y": -76,
            "distance": 23.194827009486403
        }
    },
    "-78_-53": {
        "type": "empty",
        "raw_title": "Unoccupied oasis \u202d(\u202d\u2212\u202d78\u202c\u202c|\u202d\u2212\u202d53\u202c\u202c)\u202c",
        "bonus": null,
        "owner": null,
        "scanned_from": {
            "center_x": -75,
            "center_y": -76,
            "distance": 23.194827009486403
        }
    },
    "-85_-97": {
        "type": "empty",
        "raw_title": "Unoccupied oasis \u202d(\u202d\u2212\u202d85\u202c\u202c|\u202d\u2212\u202d97\u202c\u202c)\u202c",
        "bonus": null,
        "owner": null,
        "scanned_from": {
            "center_x": -75,
            "center_y": -76,
            "distance": 23.259406699226016
        }
    },
    "-98_-72": {
        "type": "empty",
        "raw_title": "Unoccupied oasis \u202d(\u202d\u2212\u202d98\u202c\u202c|\u202d\u2212\u202d72\u202c\u202c)\u202c",
        "bonus": null,
        "owner": null,
        "scanned_from": {
            "center_x": -75,
            "center_y": -76,
            "distance": 23.345235059857504
        }
    },
    "-91_-59": {
        "type": "empty",
        "raw_title": "Unoccupied oasis \u202d(\u202d\u2212\u202d91\u202c\u202c|\u202d\u2212\u202d59\u202c\u202c)\u202c",
        "bonus": null,
        "owner": null,
        "scanned_from": {
            "center_x": -75,
            "center_y": -76,
            "distance": 23.345235059857504
        }
    },
    "-57_-61": {
        "type": "empty",
        "raw_title": "Unoccupied oasis \u202d(\u202d\u2212\u202d57\u202c\u202c|\u202d\u2212\u202d61\u202c\u202c)\u202c",
        "bonus": null,
        "owner": null,
        "scanned_from": {
            "center_x": -75,
            "center_y": -76,
            "distance": 23.430749027719962
        }
    },
    "-80_-53": {
        "type": "empty",
        "raw_title": "Unoccupied oasis \u202d(\u202d\u2212\u202d80\u202c\u202c|\u202d\u2212\u202d53\u202c\u202c)\u202c",
        "bonus": null,
        "owner": null,
        "scanned_from": {
            "center_x": -75,
            "center_y": -76,
            "distance": 23.53720459187964
        }
    },
    "-89_-57": {
        "type": "empty",
        "raw_title": "Unoccupied oasis \u202d(\u202d\u2212\u202d89\u202c\u202c|\u202d\u2212\u202d57\u202c\u202c)\u202c",
        "bonus": null,
        "owner": null,
        "scanned_from": {
            "center_x": -75,
            "center_y": -76,
            "distance": 23.600847442411894
        }
    },
    "-84_-54": {
        "type": "empty",
        "raw_title": "Unoccupied oasis \u202d(\u202d\u2212\u202d84\u202c\u202c|\u202d\u2212\u202d54\u202c\u202c)\u202c",
        "bonus": null,
        "owner": null,
        "scanned_from": {
            "center_x": -75,
            "center_y": -76,
            "distance": 23.769728648009426
        }
    },
    "-52_-82": {
        "type": "empty",
        "raw_title": "Unoccupied oasis \u202d(\u202d\u2212\u202d52\u202c\u202c|\u202d\u2212\u202d82\u202c\u202c)\u202c",
        "bonus": null,
        "owner": null,
        "scanned_from": {
            "center_x": -75,
            "center_y": -76,
            "distance": 23.769728648009426
        }
    },
    "-55_-89": {
        "type": "empty",
        "raw_title": "Unoccupied oasis \u202d(\u202d\u2212\u202d55\u202c\u202c|\u202d\u2212\u202d89\u202c\u202c)\u202c",
        "bonus": null,
        "owner": null,
        "scanned_from": {
            "center_x": -75,
            "center_y": -76,
            "distance": 23.853720883753127
        }
    },
    "-51_-76": {
        "type": "empty",
        "raw_title": "Unoccupied oasis \u202d(\u202d\u2212\u202d51\u202c\u202c|\u202d\u2212\u202d76\u202c\u202c)\u202c",
        "bonus": null,
        "owner": null,
        "scanned_from": {
            "center_x": -75,
            "center_y": -76,
            "distance": 24.0
        }
    },
    "-51_-77": {
        "type": "empty",
        "raw_title": "Unoccupied oasis \u202d(\u202d\u2212\u202d51\u202c\u202c|\u202d\u2212\u202d77\u202c\u202c)\u202c",
        "bonus": null,
        "owner": null,
        "scanned_from": {
            "center_x": -75,
            "center_y": -76,
            "distance": 24.020824298928627
        }
    },
    "-57_-60": {
        "type": "empty",
        "raw_title": "Unoccupied oasis \u202d(\u202d\u2212\u202d57\u202c\u202c|\u202d\u2212\u202d60\u202c\u202c)\u202c",
        "bonus": null,
        "owner": null,
        "scanned_from": {
            "center_x": -75,
            "center_y": -76,
            "distance": 24.08318915758459
        }
    },
    "-96_-64": {
        "type": "empty",
        "raw_title": "Unoccupied oasis \u202d(\u202d\u2212\u202d96\u202c\u202c|\u202d\u2212\u202d64\u202c\u202c)\u202c",
        "bonus": null,
        "owner": null,
        "scanned_from": {
            "center_x": -75,
            "center_y": -76,
            "distance": 24.186773244895647
        }
    },
    "-56_-61": {
        "type": "empty",
        "raw_title": "Unoccupied oasis \u202d(\u202d\u2212\u202d56\u202c\u202c|\u202d\u2212\u202d61\u202c\u202c)\u202c",
        "bonus": null,
        "owner": null,
        "scanned_from": {
            "center_x": -75,
            "center_y": -76,
            "distance": 24.20743687382041
        }
    },
    "-86_-98": {
        "type": "empty",
        "raw_title": "Unoccupied oasis \u202d(\u202d\u2212\u202d86\u202c\u202c|\u202d\u2212\u202d98\u202c\u202c)\u202c",
        "bonus": null,
        "owner": null,
        "scanned_from": {
            "center_x": -75,
            "center_y": -76,
            "distance": 24.596747752497688
        }
    },
    "-96_-63": {
        "type": "empty",
        "raw_title": "Unoccupied oasis \u202d(\u202d\u2212\u202d96\u202c\u202c|\u202d\u2212\u202d63\u202c\u202c)\u202c",
        "bonus": null,
        "owner": null,
        "scanned_from": {
            "center_x": -75,
            "center_y": -76,
            "distance": 24.698178070456937
        }
    },
    "-88_-97": {
        "type": "empty",
        "raw_title": "Unoccupied oasis \u202d(\u202d\u2212\u202d88\u202c\u202c|\u202d\u2212\u202d97\u202c\u202c)\u202c",
        "bonus": null,
        "owner": null,
        "scanned_from": {
            "center_x": -75,
            "center_y": -76,
            "distance": 24.698178070456937
        }
    },
    "-57_-59": {
        "type": "empty",
        "raw_title": "Unoccupied oasis \u202d(\u202d\u2212\u202d57\u202c\u202c|\u202d\u2212\u202d59\u202c\u202c)\u202c",
        "bonus": null,
        "owner": null,
        "scanned_from": {
            "center_x": -75,
            "center_y": -76,
            "distance": 24.758836806279895
        }
    },
    "-56_-92": {
        "type": "empty",
        "raw_title": "Unoccupied oasis \u202d(\u202d\u2212\u202d56\u202c\u202c|\u202d\u2212\u202d92\u202c\u202c)\u202c",
        "bonus": null,
        "owner": null,
        "scanned_from": {
            "center_x": -75,
            "center_y": -76,
            "distance": 24.839484696748443
        }
    },
    "-90_-96": {
        "type": "empty",
        "raw_title": "Unoccupied oasis \u202d(\u202d\u2212\u202d90\u202c\u202c|\u202d\u2212\u202d96\u202c\u202c)\u202c",
        "bonus": null,
        "owner": null,
        "scanned_from": {
            "center_x": -75,
            "center_y": -76,
            "distance": 25.0
        }
    },
    "-50_-77": {
        "type": "empty",
        "raw_title": "Unoccupied oasis \u202d(\u202d\u2212\u202d50\u202c\u202c|\u202d\u2212\u202d77\u202c\u202c)\u202c",
        "bonus": null,
        "owner": null,
        "scanned_from": {
            "center_x": -75,
            "center_y": -76,
            "distance": 25.019992006393608
        }
    },
    "-97_-88": {
        "type": "empty",
        "raw_title": "Unoccupied oasis \u202d(\u202d\u2212\u202d97\u202c\u202c|\u202d\u2212\u202d88\u202c\u202c)\u202c",
        "bonus": null,
        "owner": null,
        "scanned_from": {
            "center_x": -75,
            "center_y": -76,
            "distance": 25.059928172283335
        }
    },
    "-99_-68": {
        "type": "empty",
        "raw_title": "Unoccupied oasis \u202d(\u202d\u2212\u202d99\u202c\u202c|\u202d\u2212\u202d68\u202c\u202c)\u202c",
        "bonus": null,
        "owner": null,
        "scanned_from": {
            "center_x": -75,
            "center_y": -76,
            "distance": 25.298221281347036
        }
    },
    "-83_-52": {
        "type": "empty",
        "raw_title": "Unoccupied oasis \u202d(\u202d\u2212\u202d83\u202c\u202c|\u202d\u2212\u202d52\u202c\u202c)\u202c",
        "bonus": null,
        "owner": null,
        "scanned_from": {
            "center_x": -75,
            "center_y": -76,
            "distance": 25.298221281347036
        }
    },
    "-100_-81": {
        "type": "empty",
        "raw_title": "Unoccupied oasis \u202d(\u202d\u2212\u202d100\u202c\u202c|\u202d\u2212\u202d81\u202c\u202c)\u202c",
        "bonus": null,
        "owner": null,
        "scanned_from": {
            "center_x": -75,
            "center_y": -76,
            "distance": 25.495097567963924
        }
    },
    "-100_-71": {
        "type": "empty",
        "raw_title": "Unoccupied oasis \u202d(\u202d\u2212\u202d100\u202c\u202c|\u202d\u2212\u202d71\u202c\u202c)\u202c",
        "bonus": null,
        "owner": null,
        "scanned_from": {
            "center_x": -75,
            "center_y": -76,
            "distance": 25.495097567963924
        }
    },
    "-86_-99": {
        "type": "empty",
        "raw_title": "Unoccupied oasis \u202d(\u202d\u2212\u202d86\u202c\u202c|\u202d\u2212\u202d99\u202c\u202c)\u202c",
        "bonus": null,
        "owner": null,
        "scanned_from": {
            "center_x": -75,
            "center_y": -76,
            "distance": 25.495097567963924
        }
    },
    "-58_-57": {
        "type": "empty",
        "raw_title": "Unoccupied oasis \u202d(\u202d\u2212\u202d58\u202c\u202c|\u202d\u2212\u202d57\u202c\u202c)\u202c",
        "bonus": null,
        "owner": null,
        "scanned_from": {
            "center_x": -75,
            "center_y": -76,
            "distance": 25.495097567963924
        }
    },
    "-54_-61": {
        "type": "empty",
        "raw_title": "Unoccupied oasis \u202d(\u202d\u2212\u202d54\u202c\u202c|\u202d\u2212\u202d61\u202c\u202c)\u202c",
        "bonus": null,
        "owner": null,
        "scanned_from": {
            "center_x": -75,
            "center_y": -76,
            "distance": 25.80697580112788
        }
    },
    "-100_-83": {
        "type": "empty",
        "raw_title": "Unoccupied oasis \u202d(\u202d\u2212\u202d100\u202c\u202c|\u202d\u2212\u202d83\u202c\u202c)\u202c",
        "bonus": null,
        "owner": null,
        "scanned_from": {
            "center_x": -75,
            "center_y": -76,
            "distance": 25.96150997149434
        }
    },
    "-97_-90": {
        "type": "empty",
        "raw_title": "Unoccupied oasis \u202d(\u202d\u2212\u202d97\u202c\u202c|\u202d\u2212\u202d90\u202c\u202c)\u202c",
        "bonus": null,
        "owner": null,
        "scanned_from": {
            "center_x": -75,
            "center_y": -76,
            "distance": 26.076809620810597
        }
    },
    "-57_-57": {
        "type": "empty",
        "raw_title": "Unoccupied oasis \u202d(\u202d\u2212\u202d57\u202c\u202c|\u202d\u2212\u202d57\u202c\u202c)\u202c",
        "bonus": null,
        "owner": null,
        "scanned_from": {
            "center_x": -75,
            "center_y": -76,
            "distance": 26.1725046566048
        }
    },
    "-56_-58": {
        "type": "empty",
        "raw_title": "Unoccupied oasis \u202d(\u202d\u2212\u202d56\u202c\u202c|\u202d\u2212\u202d58\u202c\u202c)\u202c",
        "bonus": null,
        "owner": null,
        "scanned_from": {
            "center_x": -75,
            "center_y": -76,
            "distance": 26.1725046566048
        }
    },
    "-55_-93": {
        "type": "empty",
        "raw_title": "Unoccupied oasis \u202d(\u202d\u2212\u202d55\u202c\u202c|\u202d\u2212\u202d93\u202c\u202c)\u202c",
        "bonus": null,
        "owner": null,
        "scanned_from": {
            "center_x": -75,
            "center_y": -76,
            "distance": 26.248809496813376
        }
    },
    "-64_-52": {
        "type": "empty",
        "raw_title": "Unoccupied oasis \u202d(\u202d\u2212\u202d64\u202c\u202c|\u202d\u2212\u202d52\u202c\u202c)\u202c",
        "bonus": null,
        "owner": null,
        "scanned_from": {
            "center_x": -75,
            "center_y": -76,
            "distance": 26.40075756488817
        }
    },
    "-88_-99": {
        "type": "empty",
        "raw_title": "Unoccupied oasis \u202d(\u202d\u2212\u202d88\u202c\u202c|\u202d\u2212\u202d99\u202c\u202c)\u202c",
        "bonus": null,
        "owner": null,
        "scanned_from": {
            "center_x": -75,
            "center_y": -76,
            "distance": 26.419689627245813
        }
    },
    "-100_-85": {
        "type": "empty",
        "raw_title": "Unoccupied oasis \u202d(\u202d\u2212\u202d100\u202c\u202c|\u202d\u2212\u202d85\u202c\u202c)\u202c",
        "bonus": null,
        "owner": null,
        "scanned_from": {
            "center_x": -75,
            "center_y": -76,
            "distance": 26.570660511172846
        }
    },
    "-57_-96": {
        "type": "empty",
        "raw_title": "Unoccupied oasis \u202d(\u202d\u2212\u202d57\u202c\u202c|\u202d\u2212\u202d96\u202c\u202c)\u202c",
        "bonus": null,
        "owner": null,
        "scanned_from": {
            "center_x": -75,
            "center_y": -76,
            "distance": 26.90724809414742
        }
    },
    "-98_-62": {
        "type": "empty",
        "raw_title": "Unoccupied oasis \u202d(\u202d\u2212\u202d98\u202c\u202c|\u202d\u2212\u202d62\u202c\u202c)\u202c",
        "bonus": null,
        "owner": null,
        "scanned_from": {
            "center_x": -75,
            "center_y": -76,
            "distance": 26.92582403567252
        }
    },
    "-62_-100": {
        "type": "empty",
        "raw_title": "Unoccupied oasis \u202d(\u202d\u2212\u202d62\u202c\u202c|\u202d\u2212\u202d100\u202c\u202c)\u202c",
        "bonus": null,
        "owner": null,
        "scanned_from": {
            "center_x": -75,
            "center_y": -76,
            "distance": 27.294688127912362
        }
    },
    "-100_-87": {
        "type": "empty",
        "raw_title": "Unoccupied oasis \u202d(\u202d\u2212\u202d100\u202c\u202c|\u202d\u2212\u202d87\u202c\u202c)\u202c",
        "bonus": null,
        "owner": null,
        "scanned_from": {
            "center_x": -75,
            "center_y": -76,
            "distance": 27.313000567495326
        }
    },
    "-100_-65": {
        "type": "empty",
        "raw_title": "Unoccupied oasis \u202d(\u202d\u2212\u202d100\u202c\u202c|\u202d\u2212\u202d65\u202c\u202c)\u202c",
        "bonus": null,
        "owner": null,
        "scanned_from": {
            "center_x": -75,
            "center_y": -76,
            "distance": 27.313000567495326
        }
    },
    "-64_-51": {
        "type": "empty",
        "raw_title": "Unoccupied oasis \u202d(\u202d\u2212\u202d64\u202c\u202c|\u202d\u2212\u202d51\u202c\u202c)\u202c",
        "bonus": null,
        "owner": null,
        "scanned_from": {
            "center_x": -75,
            "center_y": -76,
            "distance": 27.313000567495326
        }
    },
    "-93_-97": {
        "type": "empty",
        "raw_title": "Unoccupied oasis \u202d(\u202d\u2212\u202d93\u202c\u202c|\u202d\u2212\u202d97\u202c\u202c)\u202c",
        "bonus": null,
        "owner": null,
        "scanned_from": {
            "center_x": -75,
            "center_y": -76,
            "distance": 27.65863337187866
        }
    },
    "-55_-56": {
        "type": "empty",
        "raw_title": "Unoccupied oasis \u202d(\u202d\u2212\u202d55\u202c\u202c|\u202d\u2212\u202d56\u202c\u202c)\u202c",
        "bonus": null,
        "owner": null,
        "scanned_from": {
            "center_x": -75,
            "center_y": -76,
            "distance": 28.284271247461902
        }
    },
    "-99_-61": {
        "type": "empty",
        "raw_title": "Unoccupied oasis \u202d(\u202d\u2212\u202d99\u202c\u202c|\u202d\u2212\u202d61\u202c\u202c)\u202c",
        "bonus": null,
        "owner": null,
        "scanned_from": {
            "center_x": -75,
            "center_y": -76,
            "distance": 28.30194339616981
        }
    },
    "-96_-57": {
        "type": "empty",
        "raw_title": "Unoccupied oasis \u202d(\u202d\u2212\u202d96\u202c\u202c|\u202d\u2212\u202d57\u202c\u202c)\u202c",
        "bonus": null,
        "owner": null,
        "scanned_from": {
            "center_x": -75,
            "center_y": -76,
            "distance": 28.319604517012593
        }
    },
    "-93_-54": {
        "type": "empty",
        "raw_title": "Unoccupied oasis \u202d(\u202d\u2212\u202d93\u202c\u202c|\u202d\u2212\u202d54\u202c\u202c)\u202c",
        "bonus": null,
        "owner": null,
        "scanned_from": {
            "center_x": -75,
            "center_y": -76,
            "distance": 28.42534080710379
        }
    },
    "-52_-59": {
        "type": "empty",
        "raw_title": "Unoccupied oasis \u202d(\u202d\u2212\u202d52\u202c\u202c|\u202d\u2212\u202d59\u202c\u202c)\u202c",
        "bonus": null,
        "owner": null,
        "scanned_from": {
            "center_x": -75,
            "center_y": -76,
            "distance": 28.600699292150182
        }
    },
    "-99_-92": {
        "type": "empty",
        "raw_title": "Unoccupied oasis \u202d(\u202d\u2212\u202d99\u202c\u202c|\u202d\u2212\u202d92\u202c\u202c)\u202c",
        "bonus": null,
        "owner": null,
        "scanned_from": {
            "center_x": -75,
            "center_y": -76,
            "distance": 28.844410203711913
        }
    },
    "-99_-60": {
        "type": "empty",
        "raw_title": "Unoccupied oasis \u202d(\u202d\u2212\u202d99\u202c\u202c|\u202d\u2212\u202d60\u202c\u202c)\u202c",
        "bonus": null,
        "owner": null,
        "scanned_from": {
            "center_x": -75,
            "center_y": -76,
            "distance": 28.844410203711913
        }
    },
    "-95_-55": {
        "type": "empty",
        "raw_title": "Unoccupied oasis \u202d(\u202d\u2212\u202d95\u202c\u202c|\u202d\u2212\u202d55\u202c\u202c)\u202c",
        "bonus": null,
        "owner": null,
        "scanned_from": {
            "center_x": -75,
            "center_y": -76,
            "distance": 29.0
        }
    },
    "-60_-51": {
        "type": "empty",
        "raw_title": "Unoccupied oasis \u202d(\u202d\u2212\u202d60\u202c\u202c|\u202d\u2212\u202d51\u202c\u202c)\u202c",
        "bonus": null,
        "owner": null,
        "scanned_from": {
            "center_x": -75,
            "center_y": -76,
            "distance": 29.154759474226502
        }
    },
    "-50_-91": {
        "type": "empty",
        "raw_title": "Unoccupied oasis \u202d(\u202d\u2212\u202d50\u202c\u202c|\u202d\u2212\u202d91\u202c\u202c)\u202c",
        "bonus": null,
        "owner": null,
        "scanned_from": {
            "center_x": -75,
            "center_y": -76,
            "distance": 29.154759474226502
        }
    },
    "-98_-58": {
        "type": "empty",
        "raw_title": "Unoccupied oasis \u202d(\u202d\u2212\u202d98\u202c\u202c|\u202d\u2212\u202d58\u202c\u202c)\u202c",
        "bonus": null,
        "owner": null,
        "scanned_from": {
            "center_x": -75,
            "center_y": -76,
            "distance": 29.206163733020468
        }
    },
    "-51_-59": {
        "type": "empty",
        "raw_title": "Unoccupied oasis \u202d(\u202d\u2212\u202d51\u202c\u202c|\u202d\u2212\u202d59\u202c\u202c)\u202c",
        "bonus": null,
        "owner": null,
        "scanned_from": {
            "center_x": -75,
            "center_y": -76,
            "distance": 29.410882339705484
        }
    },
    "-97_-56": {
        "type": "empty",
        "raw_title": "Unoccupied oasis \u202d(\u202d\u2212\u202d97\u202c\u202c|\u202d\u2212\u202d56\u202c\u202c)\u202c",
        "bonus": null,
        "owner": null,
        "scanned_from": {
            "center_x": -75,
            "center_y": -76,
            "distance": 29.732137494637012
        }
    },
    "-56_-53": {
        "type": "empty",
        "raw_title": "Unoccupied oasis \u202d(\u202d\u2212\u202d56\u202c\u202c|\u202d\u2212\u202d53\u202c\u202c)\u202c",
        "bonus": null,
        "owner": null,
        "scanned_from": {
            "center_x": -75,
            "center_y": -76,
            "distance": 29.832867780352597
        }
    },
    "-99_-94": {
        "type": "empty",
        "raw_title": "Unoccupied oasis \u202d(\u202d\u2212\u202d99\u202c\u202c|\u202d\u2212\u202d94\u202c\u202c)\u202c",
        "bonus": null,
        "owner": null,
        "scanned_from": {
            "center_x": -75,
            "center_y": -76,
            "distance": 30.0
        }
    },
    "-55_-53": {
        "type": "empty",
        "raw_title": "Unoccupied oasis \u202d(\u202d\u2212\u202d55\u202c\u202c|\u202d\u2212\u202d53\u202c\u202c)\u202c",
        "bonus": null,
        "owner": null,
        "scanned_from": {
            "center_x": -75,
            "center_y": -76,
            "distance": 30.479501308256342
        }
    },
    "-52_-56": {
        "type": "empty",
        "raw_title": "Unoccupied oasis \u202d(\u202d\u2212\u202d52\u202c\u202c|\u202d\u2212\u202d56\u202c\u202c)\u202c",
        "bonus": null,
        "owner": null,
        "scanned_from": {
            "center_x": -75,
            "center_y": -76,
            "distance": 30.479501308256342
        }
    },
    "-94_-100": {
        "type": "empty",
        "raw_title": "Unoccupied oasis \u202d(\u202d\u2212\u202d94\u202c\u202c|\u202d\u2212\u202d100\u202c\u202c)\u202c",
        "bonus": null,
        "owner": null,
        "scanned_from": {
            "center_x": -75,
            "center_y": -76,
            "distance": 30.610455730027933
        }
    },
    "-56_-52": {
        "type": "empty",
        "raw_title": "Unoccupied oasis \u202d(\u202d\u2212\u202d56\u202c\u202c|\u202d\u2212\u202d52\u202c\u202c)\u202c",
        "bonus": null,
        "owner": null,
        "scanned_from": {
            "center_x": -75,
            "center_y": -76,
            "distance": 30.610455730027933
        }
    },
    "-100_-94": {
        "type": "empty",
        "raw_title": "Unoccupied oasis \u202d(\u202d\u2212\u202d100\u202c\u202c|\u202d\u2212\u202d94\u202c\u202c)\u202c",
        "bonus": null,
        "owner": null,
        "scanned_from": {
            "center_x": -75,
            "center_y": -76,
            "distance": 30.805843601498726
        }
    },
    "-57_-101": {
        "type": "empty",
        "raw_title": "Unoccupied oasis \u202d(\u202d\u2212\u202d57\u202c\u202c|\u202d\u2212\u202d101\u202c\u202c)\u202c",
        "bonus": null,
        "owner": null,
        "scanned_from": {
            "center_x": -75,
            "center_y": -76,
            "distance": 30.805843601498726
        }
    },
    "-98_-55": {
        "type": "empty",
        "raw_title": "Unoccupied oasis \u202d(\u202d\u2212\u202d98\u202c\u202c|\u202d\u2212\u202d55\u202c\u202c)\u202c",
        "bonus": null,
        "owner": null,
        "scanned_from": {
            "center_x": -75,
            "center_y": -76,
            "distance": 31.144823004794873
        }
    },
    "-96_-99": {
        "type": "empty",
        "raw_title": "Unoccupied oasis \u202d(\u202d\u2212\u202d96\u202c\u202c|\u202d\u2212\u202d99\u202c\u202c)\u202c",
        "bonus": null,
        "owner": null,
        "scanned_from": {
            "center_x": -75,
            "center_y": -76,
            "distance": 31.144823004794873
        }
    },
    "-54_-99": {
        "type": "empty",
        "raw_title": "Unoccupied oasis \u202d(\u202d\u2212\u202d54\u202c\u202c|\u202d\u2212\u202d99\u202c\u202c)\u202c",
        "bonus": null,
        "owner": null,
        "scanned_from": {
            "center_x": -75,
            "center_y": -76,
            "distance": 31.144823004794873
        }
    },
    "-52_-97": {
        "type": "empty",
        "raw_title": "Unoccupied oasis \u202d(\u202d\u2212\u202d52\u202c\u202c|\u202d\u2212\u202d97\u202c\u202c)\u202c",
        "bonus": null,
        "owner": null,
        "scanned_from": {
            "center_x": -75,
            "center_y": -76,
            "distance": 31.144823004794873
        }
    },
    "-100_-57": {
        "type": "empty",
        "raw_title": "Unoccupied oasis \u202d(\u202d\u2212\u202d100\u202c\u202c|\u202d\u2212\u202d57\u202c\u202c)\u202c",
        "bonus": null,
        "owner": null,
        "scanned_from": {
            "center_x": -75,
            "center_y": -76,
            "distance": 31.400636936215164
        }
    },
    "-56_-51": {
        "type": "empty",
        "raw_title": "Unoccupied oasis \u202d(\u202d\u2212\u202d56\u202c\u202c|\u202d\u2212\u202d51\u202c\u202c)\u202c",
        "bonus": null,
        "owner": null,
        "scanned_from": {
            "center_x": -75,
            "center_y": -76,
            "distance": 31.400636936215164
        }
    },
    "-97_-99": {
        "type": "empty",
        "raw_title": "Unoccupied oasis \u202d(\u202d\u2212\u202d97\u202c\u202c|\u202d\u2212\u202d99\u202c\u202c)\u202c",
        "bonus": null,
        "owner": null,
        "scanned_from": {
            "center_x": -75,
            "center_y": -76,
            "distance": 31.827660925679098
        }
    },
    "-53_-99": {
        "type": "empty",
        "raw_title": "Unoccupied oasis \u202d(\u202d\u2212\u202d53\u202c\u202c|\u202d\u2212\u202d99\u202c\u202c)\u202c",
        "bonus": null,
        "owner": null,
        "scanned_from": {
            "center_x": -75,
            "center_y": -76,
            "distance": 31.827660925679098
        }
    },
    "-96_-100": {
        "type": "empty",
        "raw_title": "Unoccupied oasis \u202d(\u202d\u2212\u202d96\u202c\u202c|\u202d\u2212\u202d100\u202c\u202c)\u202c",
        "bonus": null,
        "owner": null,
        "scanned_from": {
            "center_x": -75,
            "center_y": -76,
            "distance": 31.89043743820395
        }
    },
    "-51_-54": {
        "type": "empty",
        "raw_title": "Unoccupied oasis \u202d(\u202d\u2212\u202d51\u202c\u202c|\u202d\u2212\u202d54\u202c\u202c)\u202c",
        "bonus": null,
        "owner": null,
        "scanned_from": {
            "center_x": -75,
            "center_y": -76,
            "distance": 32.55764119219941
        }
    },
    "-54_-101": {
        "type": "empty",
        "raw_title": "Unoccupied oasis \u202d(\u202d\u2212\u202d54\u202c\u202c|\u202d\u2212\u202d101\u202c\u202c)\u202c",
        "bonus": null,
        "owner": null,
        "scanned_from": {
            "center_x": -75,
            "center_y": -76,
            "distance": 32.64965543462902
        }
    },
    "-100_-100": {
        "type": "empty",
        "raw_title": "Unoccupied oasis \u202d(\u202d\u2212\u202d100\u202c\u202c|\u202d\u2212\u202d100\u202c\u202c)\u202c",
        "bonus": null,
        "owner": null,
        "scanned_from": {
            "center_x": -75,
            "center_y": -76,
            "distance": 34.655446902326915
        }
    }
}