{
    "travian_identity": {
        "created_at": "2025-04-22T00:00:00Z",
        "tribe_id": 7,
        "faction": "hun",
        "servers": [
            {
                "server_name": "https://ts2.x1.international.travian.com/",
                "server_url": "https://ts2.x1.international.travian.com/",
                "villages": [
                    {
                        "village_name": "Dope#01",
                        "village_id": 33462,
                        "x": -75,
                        "y": -76
                    }
                ]
            }
        ]
    }
}