{
    "server": "https://ts4.x1.arabics.travian.com/",
    "village_index": 0,
    "max_raid_distance": 17,
    "start_delay_minutes": 60,
    "distance_ranges": [
        {
            "start": 0,
            "end": 6,
            "units": [
                {
                    "unit_code": "u3",
                    "unit_payload_code": "u3",
                    "group_size": 6
                },
                {
                    "unit_code": "u5",
                    "unit_payload_code": "u5",
                    "group_size": 4
                }
            ]
        },
        {
            "start": 6,
            "end": 17,
            "units": [
                {
                    "unit_code": "u5",
                    "unit_payload_code": "u5",
                    "group_size": 4
                }
            ]
        }
    ],
    "raid_plan": []
}